run,id,phase,operation,parent_ids,hcv,scv,fitness,node_count,tree_depth,tree,canonical
results/temperature/T_0.2/car-f-92-20260831T144121Z-seed1001,init-i0,-1,initial,,6,4.870,34.089,3,2,(+ a b),(+ a b)
results/temperature/T_0.2/car-f-92-20260831T144121Z-seed1001,init-i1,-1,initial,,6,4.730,33.110,10,3,(if (< e h) (* c d) (+ f g)),(if (< e h) (* c d) (+ f g))
results/temperature/T_0.2/car-f-92-20260831T144121Z-seed1001,init-i2,-1,initial,,45,2.211,101.707,7,3,(* (+ a b) (- c d)),(* (+ a b) (- c d))
results/temperature/T_0.2/car-f-92-20260831T144121Z-seed1001,init-i3,-1,initial,,8,4.761,42.845,7,3,(+ (* a b) (/ f g)),(+ (* a b) (/ f g))
results/temperature/T_0.2/car-f-92-20260831T144121Z-seed1001,init-i4,-1,initial,,9,4.761,47.605,3,2,(+ a b),(+ a b)
results/temperature/T_0.2/car-f-92-20260831T144121Z-seed1001,init-i5,-1,initial,,8,4.555,40.993,10,3,(if (< e h) (* c d) (+ f g)),(if (< e h) (* c d) (+ f g))
results/temperature/T_0.2/car-f-92-20260831T144121Z-seed1001,init-i6,-1,initial,,51,2.394,124.479,7,3,(* (+ a b) (- c d)),(* (+ a b) (- c d))
results/temperature/T_0.2/car-f-92-20260831T144121Z-seed1001,init-i7,-1,initial,,11,4.740,56.881,7,3,(+ (* a b) (/ c d)),(+ (* a b) (/ c d))
results/temperature/T_0.2/car-f-92-20260831T144121Z-seed1001,init-i8,-1,initial,,15,4.304,68.864,7,4,(+ a (+ b (* c d))),(+ (+ (* c d) b) a)
results/temperature/T_0.2/car-f-92-20260831T144121Z-seed1001,init-i9,-1,initial,,28,3.831,111.107,10,3,(if (< e f) (* g h) (+ a b)),(if (< e f) (* g h) (+ a b))
results/temperature/T_0.2/car-f-92-20260831T144121Z-seed1001,init-i10,-1,initial,,54,2.368,130.245,7,3,(* (+ d e) (- f g)),(* (+ d e) (- f g))
results/temperature/T_0.2/car-f-92-20260831T144121Z-seed1001,init-i11,-1,initial,,10,4.857,53.422,10,4,(+ (+ a b) (if (> c d) e f)),(+ (+ a b) (if (< d c) e f))
results/temperature/T_0.2/car-f-92-20260831T144121Z-seed1001,init-i12,-1,initial,,10,4.736,52.091,3,2,(+ a b),(+ a b)
results/temperature/T_0.2/car-f-92-20260831T144121Z-seed1001,init-i13,-1,initial,,15,4.456,71.292,10,3,(if (< e h) (* c d) (+ f g)),(if (< e h) (* c d) (+ f g))
results/temperature/T_0.2/car-f-92-20260831T144121Z-seed1001,init-i14,-1,initial,,56,1.831,104.366,7,3,(* (+ a b) (- c d)),(* (+ a b) (- c d))
results/temperature/T_0.2/car-f-92-20260831T144121Z-seed1001,init-i15,-1,initial,,8,4.646,41.816,7,3,(+ (* a b) (/ f g)),(+ (* a b) (/ f g))
results/temperature/T_0.2/car-f-92-20260831T144121Z-seed1001,init-i16,-1,initial,,8,4.569,41.124,7,4,(+ a (+ b (* c d))),(+ (+ (* c d) b) a)
results/temperature/T_0.2/car-f-92-20260831T144121Z-seed1001,init-i17,-1,initial,,34,3.475,121.608,10,3,(if (< e f) (* g h) (+ a b)),(if (< e f) (* g h) (+ a b))
results/temperature/T_0.2/car-f-92-20260831T144121Z-seed1001,init-i18,-1,initial,,7,4.807,38.456,7,3,(- (* a b) (+ c d)),(- (* a b) (+ c d))
results/temperature/T_0.2/car-f-92-20260831T144121Z-seed1001,init-i19,-1,initial,,10,4.575,50.326,9,4,(+ (/ a b) (* c (+ d e))),(+ (* (+ d e) c) (/ a b))
results/temperature/T_0.2/car-f-92-20260831T144121Z-seed1001,g0-e0,0,elitism,init-i1,6,4.730,33.110,10,3,(if (< e h) (* c d) (+ f g)),(if (< e h) (* c d) (+ f g))
results/temperature/T_0.2/car-f-92-20260831T144121Z-seed1001,g0-i1,0,crossover,init-i1|init-i3,9,4.664,46.638,12,4,(if (> f g) (+ (* c d) a) (/ b h)),(if (< g f) (+ (* c d) a) (/ b h))
results/temperature/T_0.2/car-f-92-20260831T144121Z-seed1001,g0-i2,0,crossover,init-i1|init-i3,10,4.835,53.187,12,4,(+ (if (< e h) (* c d) f) (* a b)),(+ (* a b) (if (< e h) (* c d) f))
results/temperature/T_0.2/car-f-92-20260831T144121Z-seed1001,g0-i3,0,crossover,init-i4|init-i1,46,2.513,118.096,12,4,(if (> a b) (+ (* e f) g) (- c d)),(if (< b a) (+ (* e f) g) (- c d))
results/temperature/T_0.2/car-f-92-20260831T144121Z-seed1001,g0-i4,0,crossover,init-i16|init-i1,7,4.748,37.982,12,4,(if (< e h) (+ a (* b c)) (+ f g)),(if (< e h) (+ (* b c) a) (+ f g))
results/temperature/T_0.2/car-f-92-20260831T144121Z-seed1001,g0-i5,0,crossover,init-i16|init-i1,8,4.903,44.124,7,3,(+ (* a b) (+ c d)),(+ (* a b) (+ c d))
results/temperature/T_0.2/car-f-92-20260831T144121Z-seed1001,g0-i6,0,crossover,init-i1|init-i15,17,4.698,84.560,12,4,(if (> f g) (+ (* c d) a) (/ b h)),(if (< g f) (+ (* c d) a) (/ b h))
results/temperature/T_0.2/car-f-92-20260831T144121Z-seed1001,g0-i7,0,crossover,init-i1|init-i15,10,4.420,48.618,12,4,(+ (if (< e h) (* c d) f) (* a g)),(+ (* a g) (if (< e h) (* c d) f))
results/temperature/T_0.2/car-f-92-20260831T144121Z-seed1001,g0-i8,0,crossover,init-i15|init-i16,7,5.053,40.426,5,3,(+ a (* b c)),(+ (* b c) a)
results/temperature/T_0.2/car-f-92-20260831T144121Z-seed1001,g0-i9,0,crossover,init-i15|init-i16,26,4.605,124.331,10,3,(if (< e f) (+ a b) (* c d)),(if (< e f) (+ a b) (* c d))
results/temperature/T_0.2/car-f-92-20260831T144121Z-seed1001,g0-i10,0,mutation,init-i0,25,4.567,118.734,10,3,(if (< a b) (* c d) (+ e f)),(if (< a b) (* c d) (+ e f))
results/temperature/T_0.2/car-f-92-20260831T144121Z-seed1001,g0-i11,0,mutation,init-i3,47,2.994,143.695,18,4,(if (< a b) (+ (* a b) (/ f g)) (* (+ a b) (- f g))),(if (< a b) (+ (* a b) (/ f g)) (* (+ a b) (- f g)))
results/temperature/T_0.2/car-f-92-20260831T144121Z-seed1001,g0-i12,0,mutation,init-i5,54,2.027,111.490,12,4,(if (> e h) (+ (* c d) f) (- g b)),(if (< h e) (+ (* c d) f) (- g b))
results/temperature/T_0.2/car-f-92-20260831T144121Z-seed1001,g0-i13,0,crossover,init-i3|init-i3,5,4.735,28.408,9,4,(+ (* a (+ b c)) (/ f g)),(+ (* (+ b c) a) (/ f g))
results/temperature/T_0.2/car-f-92-20260831T144121Z-seed1001,g0-i14,0,crossover,init-i3|init-i3,54,2.683,147.591,12,4,(if (< a b) (* f g) (+ (/ c d) e)),(if (< a b) (* f g) (+ (/ c d) e))
results/temperature/T_0.2/car-f-92-20260831T144121Z-seed1001,g0-i15,0,crossover,init-i1|init-i16,12,4.901,63.710,10,3,(if (> f g) (+ c d) (* a b)),(if (< g f) (+ c d) (* a b))
results/temperature/T_0.2/car-f-92-20260831T144121Z-seed1001,g0-i16,0,crossover,init-i1|init-i16,48,2.767,135.582,7,3,(+ (* e f) (- g h)),(+ (* e f) (- g h))
results/temperature/T_0.2/car-f-92-20260831T144121Z-seed1001,g0-i17,0,mutation,init-i7,12,4.978,64.716,12,4,(if (< e f) (* a b) (+ (/ c d) e)),(if (< e f) (* a b) (+ (/ c d) e))
results/temperature/T_0.2/car-f-92-20260831T144121Z-seed1001,g0-i18,0,crossover,init-i19|init-i15,6,4.994,34.956,7,3,(+ (* a c) (/ f g)),(+ (* a c) (/ f g))
results/temperature/T_0.2/car-f-92-20260831T144121Z-seed1001,g0-i19,0,crossover,init-i19|init-i15,10,4.810,52.912,12,4,(if (< b e) (+ d f) (* a (+ c g))),(if (< b e) (+ d f) (* (+ c g) a))
results/temperature/T_0.2/car-f-92-20260831T144121Z-seed1001,g1-e0,1,elitism,g0-i13,5,4.735,28.408,9,4,(+ (* a (+ b c)) (/ f g)),(+ (* (+ b c) a) (/ f g))
results/temperature/T_0.2/car-f-92-20260831T144121Z-seed1001,g1-i1,1,mutation,g0-i19,26,4.138,111.725,14,4,(if (> a d) (* b (+ c f)) (+ e (/ g h))),(if (< d a) (* (+ c f) b) (+ (/ g h) e))
results/temperature/T_0.2/car-f-92-20260831T144121Z-seed1001,g1-i2,1,mutation,g0-i5,8,4.747,42.720,10,3,(if (< e f) (* a b) (+ c d)),(if (< e f) (* a b) (+ c d))
results/temperature/T_0.2/car-f-92-20260831T144121Z-seed1001,g1-i3,1,crossover,g0-e0|g0-i19,3,4.880,19.520,12,4,(if (< e h) (+ f g) (* a (+ c g))),(if (< e h) (+ f g) (* (+ c g) a))
results/temperature/T_0.2/car-f-92-20260831T144121Z-seed1001,g1-i4,1,crossover,g0-e0|g0-i19,12,4.579,59.522,10,3,(if (> b e) (* c d) (+ d f)),(if (< e b) (* c d) (+ d f))
results/temperature/T_0.2/car-f-92-20260831T144121Z-seed1001,g1-i5,1,mutation,g0-i5,8,4.704,42.340,10,3,(if (< e f) (* a b) (+ c d)),(if (< e f) (* a b) (+ c d))
results/temperature/T_0.2/car-f-92-20260831T144121Z-seed1001,g1-i6,1,crossover,g0-i12|g0-i13,11,4.611,55.327,12,4,(if (< e h) (* (+ b c) d) (+ f g)),(if (< e h) (* (+ b c) d) (+ f g))
results/temperature/T_0.2/car-f-92-20260831T144121Z-seed1001,g1-i7,1,crossover,g0-i12|g0-i13,44,2.912,131.037,9,4,(+ (/ (+ a b) c) (* f e)),(+ (* e f) (/ (+ a b) c))
results/temperature/T_0.2/car-f-92-20260831T144121Z-seed1001,g1-i8,1,crossover,g0-i19|g0-i18,27,4.032,112.901,14,4,(if (> a d) (* b (+ c f)) (+ e (/ g h))),(if (< d a) (* (+ c f) b) (+ (/ g h) e))
results/temperature/T_0.2/car-f-92-20260831T144121Z-seed1001,g1-i9,1,crossover,g0-i19|g0-i18,58,2.071,122.209,14,4,(+ (if (< f h) (* a b) (+ c d)) (* e g)),(+ (* e g) (if (< f h) (* a b) (+ c d)))
results/temperature/T_0.2/car-f-92-20260831T144121Z-seed1001,g1-i10,1,crossover,g0-i19|g0-i5,25,4.944,128.538,14,4,(if (> f e) (* d (+ a b)) (+ c (* g h))),(if (< e f) (* (+ a b) d) (+ (* g h) c))
results/temperature/T_0.2/car-f-92-20260831T144121Z-seed1001,g1-i11,1,crossover,g0-i19|g0-i5,18,4.723,89.737,14,4,(+ (/ a b) (if (< c e) (+ f g) (* d h))),(+ (/ a b) (if (< c e) (+ f g) (* d h)))
results/temperature/T_0.2/car-f-92-20260831T144121Z-seed1001,g1-i12,1,crossover,g0-i19|g0-i18,11,4.871,58.456,14,4,(if (> a e) (* b (+ c f)) (+ d (/ g h))),(if (< e a) (* (+ c f) b) (+ (/ g h) d))
results/temperature/T_0.2/car-f-92-20260831T144121Z-seed1001,g1-i13,1,crossover,g0-i19|g0-i18,7,4.694,37.554,14,4,(+ (if (< f g) (* a c) (+ b d)) (/ e h)),(+ (/ e h) (if (< f g) (* a c) (+ b d)))
results/temperature/T_0.2/car-f-92-20260831T144121Z-seed1001,g1-i14,1,crossover,g0-i5|g0-i19,4,4.934,24.669,12,4,(if (< b e) (* d f) (+ a (+ c g))),(if (< b e) (* d f) (+ (+ c g) a))
results/temperature/T_0.2/car-f-92-20260831T144121Z-seed1001,g1-i15,1,crossover,g0-i5|g0-i19,15,4.746,75.938,7,3,(+ (* b c) (- d e)),(+ (* b c) (- d e))
results/temperature/T_0.2/car-f-92-20260831T144121Z-seed1001,g1-i16,1,crossover,g0-i18|g0-e0,9,4.663,46.627,14,4,(if (< e h) (+ (* a c) (/ f g)) (* c d)),(if (< e h) (+ (* a c) (/ f g)) (* c d))
results/temperature/T_0.2/car-f-92-20260831T144121Z-seed1001,g1-i17,1,crossover,g0-i18|g0-e0,8,4.875,43.871,14,4,(+ (* a c) (if (> e h) (/ f g) (+ f g))),(+ (* a c) (if (< h e) (/ f g) (+ f g)))
results/temperature/T_0.2/car-f-92-20260831T144121Z-seed1001,g1-i18,1,crossover,g0-i19|g0-e0,50,2.511,128.058,14,4,(if (< a h) (* b (+ c d)) (+ f (* g e))),(if (< a h) (* (+ c d) b) (+ (* e g) f))
results/temperature/T_0.2/car-f-92-20260831T144121Z-seed1001,g1-i19,1,mutation,g0-i2,8,4.759,42.832,14,4,(+ (if (< e h) (* c d) (+ f a)) (* a b)),(+ (* a b) (if (< e h) (* c d) (+ a f)))
results/temperature/T_0.2/car-f-92-20260831T144121Z-seed1001,g2-e0,2,elitism,g1-i3,3,4.880,19.520,12,4,(if (< e h) (+ f g) (* a (+ c g))),(if (< e h) (+ f g) (* (+ c g) a))
results/temperature/T_0.2/car-f-92-20260831T144121Z-seed1001,g2-i1,2,crossover,g1-i3|g1-i5,29,4.138,124.142,12,4,(if (< e f) (+ f g) (* a (+ c g))),(if (< e f) (+ f g) (* (+ c g) a))
results/temperature/T_0.2/car-f-92-20260831T144121Z-seed1001,g2-i2,2,crossover,g1-i3|g1-i5,11,4.911,58.933,10,3,(if (< e h) (* a b) (+ c d)),(if (< e h) (* a b) (+ c d))
results/temperature/T_0.2/car-f-92-20260831T144121Z-seed1001,g2-i3,2,crossover,g1-i17|g1-i11,13,4.476,62.664,14,4,(+ (/ a b) (if (> e h) (+ f g) (* d h))),(+ (/ a b) (if (< h e) (+ f g) (* d h)))
results/temperature/T_0.2/car-f-92-20260831T144121Z-seed1001,g2-i4,2,crossover,g1-i17|g1-i11,8,4.786,43.078,14,4,(+ (* a c) (if (< c e) (/ f g) (+ d h))),(+ (* a c) (if (< c e) (/ f g) (+ d h)))
results/temperature/T_0.2/car-f-92-20260831T144121Z-seed1001,g2-i5,2,crossover,g1-i3|g1-i2,32,4.401,145.226,12,4,(if (< e f) (+ f g) (* a (+ c g))),(if (< e f) (+ f g) (* (+ c g) a))
results/temperature/T_0.2/car-f-92-20260831T144121Z-seed1001,g2-i6,2,crossover,g1-i3|g1-i2,12,4.866,63.258,10,3,(if (< e h) (* a b) (+ c d)),(if (< e h) (* a b) (+ c d))
results/temperature/T_0.2/car-f-92-20260831T144121Z-seed1001,g2-i7,2,mutation,g1-i14,26,4.919,132.814,14,4,(if (< a e) (* d (+ f g)) (+ b (+ c h))),(if (< a e) (* (+ f g) d) (+ (+ c h) b))
results/temperature/T_0.2/car-f-92-20260831T144121Z-seed1001,g2-i8,2,crossover,g1-i13|g1-i13,9,4.519,45.186,14,4,(+ (if (> f g) (* a c) (+ b d)) (/ e h)),(+ (/ e h) (if (< g f) (* a c) (+ b d)))
results/temperature/T_0.2/car-f-92-20260831T144121Z-seed1001,g2-i9,2,crossover,g1-i13|g1-i13,9,4.968,49.682,14,4,(+ (if (< f g) (* a c) (+ b d)) (* e h)),(+ (* e h) (if (< f g) (* a c) (+ b d)))
results/temperature/T_0.2/car-f-92-20260831T144121Z-seed1001,g2-i10,2,crossover,g1-i17|g1-i14,46,2.969,139.561,14,4,(if (> a b) (+ (* c e) f) (* (+ d g) h)),(if (< b a) (+ (* c e) f) (* (+ d g) h))
results/temperature/T_0.2/car-f-92-20260831T144121Z-seed1001,g2-i11,2,crossover,g1-i17|g1-i14,58,2.014,118.823,16,4,(+ (/ (+ a b) c) (if (< f g) (* e h) (+ d f))),(+ (/ (+ a b) c) (if (< f g) (* e h) (+ d f)))
results/temperature/T_0.2/car-f-92-20260831T144121Z-seed1001,g2-i12,2,crossover,g1-i2|g1-i14,10,5.045,55.497,14,4,(if (< e b) (+ a (* c d)) (* f (+ g h))),(if (< e b) (+ (* c d) a) (* (+ g h) f))
results/temperature/T_0.2/car-f-92-20260831T144121Z-seed1001,g2-i13,2,crossover,g1-i2|g1-i14,33,4.394,149.403,14,4,(+ (if (> a d) (+ b c) (* e f)) (/ g h)),(+ (/ g h) (if (< d a) (+ b c) (* e f)))
results/temperature/T_0.2/car-f-92-20260831T144121Z-seed1001,g2-i14,2,mutation,g1-i3,8,4.724,42.514,12,4,(if (> e h) (* f g) (+ a (* c g))),(if (< h e) (* f g) (+ (* c g) a))
results/temperature/T_0.2/car-f-92-20260831T144121Z-seed1001,g2-i15,2,crossover,g1-i2|g1-i3,4,4.700,23.499,12,4,(if (< e g) (+ a b) (* c (+ d f))),(if (< e g) (+ a b) (* (+ d f) c))
results/temperature/T_0.2/car-f-92-20260831T144121Z-seed1001,g2-i16,2,crossover,g1-i2|g1-i3,5,4.835,29.008,12,4,(if (> h e) (* f g) (+ a (+ b c))),(if (< e h) (* f g) (+ (+ b c) a))
results/temperature/T_0.2/car-f-92-20260831T144121Z-seed1001,g2-i17,2,mutation,g1-i2,50,2.437,124.278,10,3,(if (> c g) (+ a b) (* e f)),(if (< g c) (+ a b) (* e f))
results/temperature/T_0.2/car-f-92-20260831T144121Z-seed1001,g2-i18,2,crossover,g1-i14|g1-i14,15,4.706,75.296,14,4,(if (< a e) (+ (* b f) c) (* d (+ g h))),(if (< a e) (+ (* b f) c) (* (+ g h) d))
results/temperature/T_0.2/car-f-92-20260831T144121Z-seed1001,g2-i19,2,mutation,g1-i3,10,4.683,51.511,12,4,(if (> e h) (* f g) (+ a (* c g))),(if (< h e) (* f g) (+ (* c g) a))
results/temperature/T_0.2/car-f-92-20260831T144121Z-seed1001,g3-e0,3,elitism,g2-e0,3,4.880,19.520,12,4,(if (< e h) (+ f g) (* a (+ c g))),(if (< e h) (+ f g) (* (+ c g) a))
results/temperature/T_0.2/car-f-92-20260831T144121Z-seed1001,g3-i1,3,mutation,g2-e0,9,4.905,49.046,12,4,(if (> e h) (* f g) (+ a (* c g))),(if (< h e) (* f g) (+ (* c g) a))
results/temperature/T_0.2/car-f-92-20260831T144121Z-seed1001,g3-i2,3,crossover,g2-e0|g2-i15,3,4.937,19.747,14,4,(if (< e g) (* f (+ c g)) (+ a (* b d))),(if (< e g) (* (+ c g) f) (+ (* b d) a))
results/temperature/T_0.2/car-f-92-20260831T144121Z-seed1001,g3-i3,3,crossover,g2-e0|g2-i15,10,4.722,51.940,14,4,(if (> e h) (+ c (* f g)) (* a (+ b e))),(if (< h e) (+ (* f g) c) (* (+ b e) a))
results/temperature/T_0.2/car-f-92-20260831T144121Z-seed1001,g3-i4,3,crossover,g2-e0|g2-i16,6,5.023,35.163,12,4,(if (< e h) (* f g) (+ a (+ b c))),(if (< e h) (* f g) (+ (+ b c) a))
results/temperature/T_0.2/car-f-92-20260831T144121Z-seed1001,g3-i5,3,mutation,g2-i6,12,4.312,56.052,21,4,(if (> c h) (+ (* e f) (* g d)) (if (< a b) (- h g) (+ e f))),(if (< h c) (+ (* d g) (* e f)) (if (< a b) (- h g) (+ e f)))
results/temperature/T_0.2/car-f-92-20260831T144121Z-seed1001,g3-i6,3,crossover,g2-e0|g2-i14,16,5.230,88.902,12,4,(if (< e h) (* f g) (+ a (* c g))),(if (< e h) (* f g) (+ (* c g) a))
results/temperature/T_0.2/car-f-92-20260831T144121Z-seed1001,g3-i7,3,crossover,g2-e0|g2-i14,7,4.597,36.777,12,4,(if (> e h) (+ f g) (* a (+ c g))),(if (< h e) (+ f g) (* (+ c g) a))
results/temperature/T_0.2/car-f-92-20260831T144121Z-seed1001,g3-i8,3,crossover,g2-i16|g2-i19,9,4.582,45.817,16,4,(if (> e h) (+ (* f g) (* b c)) (* a (+ e h))),(if (< h e) (+ (* b c) (* f g)) (* (+ e h) a))
results/temperature/T_0.2/car-f-92-20260831T144121Z-seed1001,g3-i9,3,crossover,g2-i16|g2-i19,28,4.152,120.394,16,4,(if (<= h e) (* (+ f b) (+ c g)) (+ a (* e f))),(if (<= h e) (* (+ b f) (+ c g)) (+ (* e f) a))
results/temperature/T_0.2/car-f-92-20260831T144121Z-seed1001,g3-i10,3,mutation,g2-i16,6,4.817,33.722,12,4,(if (> h e) (* f g) (+ a (* b c))),(if (< e h) (* f g) (+ (* b c) a))
results/temperature/T_0.2/car-f-92-20260831T144121Z-seed1001,g3-i11,3,crossover,g2-i4|g2-i9,10,4.927,54.197,14,4,(+ (if (> c e) (* a b) (+ f g)) (* d h)),(+ (* d h) (if (< e c) (* a b) (+ f g)))
results/temperature/T_0.2/car-f-92-20260831T144121Z-seed1001,g3-i12,3,crossover,g2-i4|g2-i9,29,3.434,103.025,16,4,(+ (/ (+ a b) c) (if (< f e) (* g h) (+ d c))),(+ (/ (+ a b) c) (if (< f e) (* g h) (+ c d)))
results/temperature/T_0.2/car-f-92-20260831T144121Z-seed1001,g3-i13,3,mutation,g2-e0,8,4.658,41.921,12,4,(if (> e h) (* f g) (+ a (* c g))),(if (< h e) (* f g) (+ (* c g) a))
results/temperature/T_0.2/car-f-92-20260831T144121Z-seed1001,g3-i14,3,crossover,g2-i19|g2-i11,60,2.001,122.053,19,4,(if (> e h) (+ a (* c g)) (if (< f g) (* e h) (+ d f))),(if (< h e) (+ (* c g) a) (if (< f g) (* e h) (+ d f)))
results/temperature/T_0.2/car-f-92-20260831T144121Z-seed1001,g3-i15,3,crossover,g2-i19|g2-i11,6,4.760,33.318,9,4,(+ (/ (+ a b) c) (* f g)),(+ (* f g) (/ (+ a b) c))
results/temperature/T_0.2/car-f-92-20260831T144121Z-seed1001,g3-i16,3,crossover,g2-e0|g2-i16,6,5.182,36.274,12,4,(if (< e h) (* f g) (+ a (+ b c))),(if (< e h) (* f g) (+ (+ b c) a))
results/temperature/T_0.2/car-f-92-20260831T144121Z-seed1001,g3-i17,3,crossover,g2-e0|g2-i16,9,4.895,48.953,12,4,(if (> h e) (+ f g) (* a (+ c g))),(if (< e h) (+ f g) (* (+ c g) a))
results/temperature/T_0.2/car-f-92-20260831T144121Z-seed1001,g3-i18,3,crossover,g2-i15|g2-i8,9,4.693,46.934,12,4,(if (< e g) (* a b) (+ c (* d f))),(if (< e g) (* a b) (+ (* d f) c))
results/temperature/T_0.2/car-f-92-20260831T144121Z-seed1001,g3-i19,3,crossover,g2-i15|g2-i8,9,4.883,48.833,14,4,(+ (if (< f g) (+ a c) (* b d)) (/ e h)),(+ (/ e h) (if (< f g) (+ a c) (* b d)))
results/temperature/T_0.2/car-f-92-20260831T144121Z-seed1001,g4-e0,4,elitism,g3-e0,3,4.880,19.520,12,4,(if (< e h) (+ f g) (* a (+ c g))),(if (< e h) (+ f g) (* (+ c g) a))
results/temperature/T_0.2/car-f-92-20260831T144121Z-seed1001,g4-i1,4,crossover,g3-i4|g3-i10,6,4.570,31.990,12,4,(if (< e h) (* f g) (+ a (* b c))),(if (< e h) (* f g) (+ (* b c) a))
results/temperature/T_0.2/car-f-92-20260831T144121Z-seed1001,g4-i2,4,crossover,g3-i4|g3-i10,5,4.663,27.980,12,4,(if (> h e) (+ f g) (* a (+ b c))),(if (< e h) (+ f g) (* (+ b c) a))
results/temperature/T_0.2/car-f-92-20260831T144121Z-seed1001,g4-i3,4,crossover,g3-i7|g3-i7,7,5.040,40.323,12,4,(if (< e h) (+ f g) (* a (+ c g))),(if (< e h) (+ f g) (* (+ c g) a))
results/temperature/T_0.2/car-f-92-20260831T144121Z-seed1001,g4-i4,4,crossover,g3-i7|g3-i7,9,4.408,44.084,12,4,(if (> e h) (* f g) (+ a (+ c g))),(if (< h e) (* f g) (+ (+ c g) a))
results/temperature/T_0.2/car-f-92-20260831T144121Z-seed1001,g4-i5,4,mutation,g3-i16,2,4.875,14.624,12,4,(if (< e h) (* f g) (+ a (* b c))),(if (< e h) (* f g) (+ (* b c) a))
results/temperature/T_0.2/car-f-92-20260831T144121Z-seed1001,g4-i6,4,mutation,g3-i2,10,4.639,51.029,14,4,(if (> e g) (+ f (* c d)) (* a (+ b h))),(if (< g e) (+ (* c d) f) (* (+ b h) a))
results/temperature/T_0.2/car-f-92-20260831T144121Z-seed1001,g4-i7,4,mutation,g3-i8,2,4.847,14.540,16,4,(if (< e h) (+ (* f g) (* b c)) (* a (+ e h))),(if (< e h) (+ (* b c) (* f g)) (* (+ e h) a))
results/temperature/T_0.2/car-f-92-20260831T144121Z-seed1001,g4-i8,4,crossover,g3-e0|g3-e0,3,4.808,19.230,12,4,(if (< e h) (* f g) (+ a (+ c g))),(if (< e h) (* f g) (+ (+ c g) a))
results/temperature/T_0.2/car-f-92-20260831T144121Z-seed1001,g4-i9,4,crossover,g3-e0|g3-e0,10,4.584,50.428,14,4,(if (> e h) (+ f (* a g)) (* c (+ d g))),(if (< h e) (+ (* a g) f) (* (+ d g) c))
results/temperature/T_0.2/car-f-92-20260831T144121Z-seed1001,g4-i10,4,crossover,g3-i10|g3-i10,15,4.862,77.796,14,4,(if (> e h) (+ f (* a b)) (* c (+ d g))),(if (< h e) (+ (* a b) f) (* (+ d g) c))
results/temperature/T_0.2/car-f-92-20260831T144121Z-seed1001,g4-i11,4,crossover,g3-i10|g3-i10,53,2.119,114.415,14,4,(if (<= h e) (+ (* f g) a) (- b (* c d))),(if (<= h e) (+ (* f g) a) (- b (* c d)))
results/temperature/T_0.2/car-f-92-20260831T144121Z-seed1001,g4-i12,4,mutation,g3-i10,17,4.766,85.797,14,4,(if (> c e) (+ f (* a b)) (- g (/ h d))),(if (< e c) (+ (* a b) f) (- g (/ h d)))
results/temperature/T_0.2/car-f-92-20260831T144121Z-seed1001,g4-i13,4,crossover,g3-i15|g3-i15,8,4.859,43.732,9,4,(+ (* a g) (/ (+ b f) c)),(+ (* a g) (/ (+ b f) c))
results/temperature/T_0.2/car-f-92-20260831T144121Z-seed1001,g4-i14,4,crossover,g3-i15|g3-i15,6,4.765,33.355,10,3,(if (< d h) (+ a b) (* f g)),(if (< d h) (+ a b) (* f g))
results/temperature/T_0.2/car-f-92-20260831T144121Z-seed1001,g4-i15,4,crossover,g3-i2|g3-i7,16,4.487,76.285,14,4,(if (< e g) (+ f (* b d)) (* a (+ c g))),(if (< e g) (+ (* b d) f) (* (+ c g) a))
results/temperature/T_0.2/car-f-92-20260831T144121Z-seed1001,g4-i16,4,crossover,g3-i4|g3-i18,13,4.816,67.418,14,4,(if (< e g) (+ f (* b c)) (* a (+ d e))),(if (< e g) (+ (* b c) f) (* (+ d e) a))
results/temperature/T_0.2/car-f-92-20260831T144121Z-seed1001,g4-i17,4,crossover,g3-i4|g3-i18,53,1.761,95.109,14,4,(if (> c h) (- g (* f d)) (+ b (* a e))),(if (< h c) (- g (* d f)) (+ (* a e) b))
results/temperature/T_0.2/car-f-92-20260831T144121Z-seed1001,g4-i18,4,crossover,g3-i10|g3-e0,6,4.634,32.437,14,4,(if (< h e) (+ f (* g c)) (* a (+ b e))),(if (< h e) (+ (* c g) f) (* (+ b e) a))
results/temperature/T_0.2/car-f-92-20260831T144121Z-seed1001,g4-i19,4,crossover,g3-i10|g3-e0,39,4.297,171.886,14,4,(if (> e h) (* f (+ g b)) (+ a (* c e))),(if (< h e) (* (+ b g) f) (+ (* c e) a))
results/temperature/T_0.2/car-f-92-20260831T144121Z-seed1001,g5-e0,5,elitism,g4-i7,2,4.847,14.540,16,4,(if (< e h) (+ (* f g) (* b c)) (* a (+ e h))),(if (< e h) (+ (* b c) (* f g)) (* (+ e h) a))
results/temperature/T_0.2/car-f-92-20260831T144121Z-seed1001,g5-i1,5,crossover,g4-e0|g4-i7,6,4.919,34.432,16,4,(if (< e h) (+ (* f g) (* b c)) (+ a (* c h))),(if (< e h) (+ (* b c) (* f g)) (+ (* c h) a))
results/temperature/T_0.2/car-f-92-20260831T144121Z-seed1001,g5-i2,5,crossover,g4-e0|g4-i7,17,4.522,81.396,16,4,(if (< e h) (* (+ f g) (+ b c)) (* a (+ e g))),(if (< e h) (* (+ b c) (+ f g)) (* (+ e g) a))
results/temperature/T_0.2/car-f-92-20260831T144121Z-seed1001,g5-i3,5,mutation,g4-i14,15,4.946,79.140,10,3,(if (> d h) (+ a b) (* f g)),(if (< h d) (+ a b) (* f g))
results/temperature/T_0.2/car-f-92-20260831T144121Z-seed1001,g5-i4,5,mutation,g4-i3,11,4.854,58.249,12,4,(if (> e h) (* f g) (+ a (* c g))),(if (< h e) (* f g) (+ (* c g) a))
results/temperature/T_0.2/car-f-92-20260831T144121Z-seed1001,g5-i5,5,crossover,g4-i18|g4-i13,0,4.656,4.656,16,4,(if (> f c) (* a (+ b e)) (+ (* g h) (/ d e))),(if (< c f) (* (+ b e) a) (+ (* g h) (/ d e)))
results/temperature/T_0.2/car-f-92-20260831T144121Z-seed1001,g5-i6,5,crossover,g4-i18|g4-i13,2,5.040,15.120,11,4,(+ (/ (+ a b) c) (* f (+ g h))),(+ (* (+ g h) f) (/ (+ a b) c))
results/temperature/T_0.2/car-f-92-20260831T144121Z-seed1001,g5-i7,5,crossover,g4-i2|g4-i8,7,4.813,38.500,12,4,(if (< h e) (* f g) (+ a (+ b c))),(if (< h e) (* f g) (+ (+ b c) a))
results/temperature/T_0.2/car-f-92-20260831T144121Z-seed1001,g5-i8,5,crossover,g4-i5|g4-i2,2,5.005,15.014,12,4,(if (< e h) (+ f g) (* a (+ b c))),(if (< e h) (+ f g) (* (+ b c) a))
results/temperature/T_0.2/car-f-92-20260831T144121Z-seed1001,g5-i9,5,crossover,g4-i5|g4-i2,3,4.594,18.377,12,4,(if (> h e) (* f g) (+ a (* b c))),(if (< e h) (* f g) (+ (* b c) a))
results/temperature/T_0.2/car-f-92-20260831T144121Z-seed1001,g5-i10,5,crossover,g4-e0|g4-i7,6,4.778,33.448,16,4,(if (< e h) (+ (* f g) (* b c)) (+ a (* c h))),(if (< e h) (+ (* b c) (* f g)) (+ (* c h) a))
results/temperature/T_0.2/car-f-92-20260831T144121Z-seed1001,g5-i11,5,crossover,g4-e0|g4-i7,14,4.460,66.903,16,4,(if (< e h) (* (+ f g) (+ b c)) (* a (+ e g))),(if (< e h) (* (+ b c) (+ f g)) (* (+ e g) a))
results/temperature/T_0.2/car-f-92-20260831T144121Z-seed1001,g5-i12,5,crossover,g4-i9|g4-i8,10,4.685,51.532,14,4,(if (< e h) (+ f (* a g)) (* c (+ d g))),(if (< e h) (+ (* a g) f) (* (+ d g) c))
results/temperature/T_0.2/car-f-92-20260831T144121Z-seed1001,g5-i13,5,crossover,g4-i9|g4-i8,7,4.721,37.765,12,4,(if (> e h) (* f g) (+ a (+ c g))),(if (< h e) (* f g) (+ (+ c g) a))
results/temperature/T_0.2/car-f-92-20260831T144121Z-seed1001,g5-i14,5,mutation,g4-e0,7,4.792,38.336,12,4,(if (> e h) (* f g) (+ a (* c g))),(if (< h e) (* f g) (+ (* c g) a))
results/temperature/T_0.2/car-f-92-20260831T144121Z-seed1001,g5-i15,5,crossover,g4-i1|g4-i9,16,5.201,88.417,14,4,(if (< e h) (+ f (* b g)) (* a (+ c d))),(if (< e h) (+ (* b g) f) (* (+ c d) a))
results/temperature/T_0.2/car-f-92-20260831T144121Z-seed1001,g5-i16,5,crossover,g4-i1|g4-i9,11,4.404,52.854,14,4,(if (> e h) (* f (+ a b)) (+ c (* d g))),(if (< h e) (* (+ a b) f) (+ (* d g) c))
results/temperature/T_0.2/car-f-92-20260831T144121Z-seed1001,g5-i17,5,mutation,g4-i7,9,4.913,49.128,16,4,(if (> e h) (+ (* f g) (* b c)) (* a (+ e h))),(if (< h e) (+ (* b c) (* f g)) (* (+ e h) a))
results/temperature/T_0.2/car-f-92-20260831T144121Z-seed1001,g5-i18,5,crossover,g4-i5|g4-i2,5,4.706,28.239,12,4,(if (< e h) (+ f g) (* a (+ b c))),(if (< e h) (+ f g) (* (+ b c) a))
results/temperature/T_0.2/car-f-92-20260831T144121Z-seed1001,g5-i19,5,crossover,g4-i5|g4-i2,6,4.897,34.281,12,4,(if (> h e) (* f g) (+ a (* b c))),(if (< e h) (* f g) (+ (* b c) a))
results/temperature/T_0.2/car-f-92-20260831T144121Z-seed1001,g6-e0,6,elitism,g5-i5,0,4.656,4.656,16,4,(if (> f c) (* a (+ b e)) (+ (* g h) (/ d e))),(if (< c f) (* (+ b e) a) (+ (* g h) (/ d e)))
results/temperature/T_0.2/car-f-92-20260831T144121Z-seed1001,g6-i1,6,crossover,g5-i8|g5-i8,3,4.961,19.846,12,4,(if (< e h) (* f g) (+ a (+ b c))),(if (< e h) (* f g) (+ (+ b c) a))
results/temperature/T_0.2/car-f-92-20260831T144121Z-seed1001,g6-i2,6,crossover,g5-i8|g5-i8,16,4.562,77.551,14,4,(if (> e h) (+ f (* g a)) (* b (+ c d))),(if (< h e) (+ (* a g) f) (* (+ c d) b))
results/temperature/T_0.2/car-f-92-20260831T144121Z-seed1001,g6-i3,6,crossover,g5-i5|g5-i5,0,4.779,4.779,16,4,(if (> b c) (+ (* a e) f) (* (+ g h) (/ d e))),(if (< c b) (+ (* a e) f) (* (+ g h) (/ d e)))
results/temperature/T_0.2/car-f-92-20260831T144121Z-seed1001,g6-i4,6,crossover,g5-i5|g5-i5,46,3.661,172.082,16,4,(if (< f g) (* (+ a b) e) (+ (* c h) (/ d e))),(if (< f g) (* (+ a b) e) (+ (* c h) (/ d e)))
results/temperature/T_0.2/car-f-92-20260831T144121Z-seed1001,g6-i5,6,crossover,g5-i5|g5-i5,0,4.659,4.659,16,4,(if (> b c) (+ (* a e) f) (* (+ g h) (/ d e))),(if (< c b) (+ (* a e) f) (* (+ g h) (/ d e)))
results/temperature/T_0.2/car-f-92-20260831T144121Z-seed1001,g6-i6,6,crossover,g5-i5|g5-i5,42,3.938,169.339,16,4,(if (< f g) (* (+ a b) e) (+ (* c h) (/ d e))),(if (< f g) (* (+ a b) e) (+ (* c h) (/ d e)))
results/temperature/T_0.2/car-f-92-20260831T144121Z-seed1001,g6-i7,6,crossover,g5-i9|g5-e0,11,4.489,53.870,16,4,(if (< h e) (+ (* f g) (* b c)) (* a (+ e h))),(if (< h e) (+ (* b c) (* f g)) (* (+ e h) a))
results/temperature/T_0.2/car-f-92-20260831T144121Z-seed1001,g6-i8,6,crossover,g5-i9|g5-e0,15,4.818,77.087,12,4,(if (> e h) (* f g) (+ a (* b c))),(if (< h e) (* f g) (+ (* b c) a))
results/temperature/T_0.2/car-f-92-20260831T144121Z-seed1001,g6-i9,6,mutation,g5-i8,12,4.595,59.737,12,4,(if (> e h) (* f g) (+ a (* b c))),(if (< h e) (* f g) (+ (* b c) a))
results/temperature/T_0.2/car-f-92-20260831T144121Z-seed1001,g6-i10,6,crossover,g5-i8|g5-i6,8,4.732,42.588,14,4,(if (> f g) (* e (+ a b)) (+ c (/ d h))),(if (< g f) (* (+ a b) e) (+ (/ d h) c))
results/temperature/T_0.2/car-f-92-20260831T144121Z-seed1001,g6-i11,6,crossover,g5-e0|g5-i5,41,3.553,149.224,18,4,(if (> e h) (* (+ f g) (+ b c)) (+ (* a e) (/ d h))),(if (< h e) (* (+ b c) (+ f g)) (+ (* a e) (/ d h)))
results/temperature/T_0.2/car-f-92-20260831T144121Z-seed1001,g6-i12,6,crossover,g5-e0|g5-i5,45,3.272,150.527,18,4,(if (< f c) (+ (* g h) (* b e)) (* (+ a f) (+ e d))),(if (< f c) (+ (* b e) (* g h)) (* (+ a f) (+ d e)))
results/temperature/T_0.2/car-f-92-20260831T144121Z-seed1001,g6-i13,6,mutation,g5-i9,5,4.831,28.987,12,4,(if (> d e) (+ f (* g h)) (- a b)),(if (< e d) (+ (* g h) f) (- a b))
results/temperature/T_0.2/car-f-92-20260831T144121Z-seed1001,g6-i14,6,crossover,g5-i10|g5-i9,5,4.633,27.795,12,4,(if (< e h) (* f g) (+ a (* c h))),(if (< e h) (* f g) (+ (* c h) a))
results/temperature/T_0.2/car-f-92-20260831T144121Z-seed1001,g6-i15,6,crossover,g5-i10|g5-i9,3,4.933,19.730,14,4,(if (> h e) (+ (* f g) (* b c)) (* a h)),(if (< e h) (+ (* b c) (* f g)) (* a h))
results/temperature/T_0.2/car-f-92-20260831T144121Z-seed1001,g6-i16,6,crossover,g5-i1|g5-i8,8,4.796,43.162,16,4,(if (< e h) (+ (* f g) (* b c)) (* a (+ c h))),(if (< e h) (+ (* b c) (* f g)) (* (+ c h) a))
results/temperature/T_0.2/car-f-92-20260831T144121Z-seed1001,g6-i17,6,crossover,g5-i1|g5-i8,6,4.593,32.150,12,4,(if (< e h) (+ f g) (+ (* a b) c)),(if (< e h) (+ f g) (+ (* a b) c))
results/temperature/T_0.2/car-f-92-20260831T144121Z-seed1001,g6-i18,6,mutation,g5-i9,4,4.925,24.623,12,4,(if (> d e) (+ f (* g h)) (- a b)),(if (< e d) (+ (* g h) f) (- a b))
results/temperature/T_0.2/car-f-92-20260831T144121Z-seed1001,g6-i19,6,mutation,g5-i9,12,4.444,57.777,14,4,(if (> g e) (+ f (* b c)) (* a (+ d h))),(if (< e g) (+ (* b c) f) (* (+ d h) a))
results/temperature/T_0.2/car-f-92-20260831T144121Z-seed1001,g7-e0,7,elitism,g6-e0,0,4.656,4.656,16,4,(if (> f c) (* a (+ b e)) (+ (* g h) (/ d e))),(if (< c f) (* (+ b e) a) (+ (* g h) (/ d e)))
results/temperature/T_0.2/car-f-92-20260831T144121Z-seed1001,g7-i1,7,crossover,g6-e0|g6-i5,36,3.112,115.136,16,4,(if (> a c) (+ (* b e) f) (* (+ g h) (/ d e))),(if (< c a) (+ (* b e) f) (* (+ g h) (/ d e)))
results/temperature/T_0.2/car-f-92-20260831T144121Z-seed1001,g7-i2,7,crossover,g6-i14|g6-i19,16,4.603,78.255,14,4,(if (< e h) (+ f (* b c)) (+ a (* c h))),(if (< e h) (+ (* b c) f) (+ (* c h) a))
results/temperature/T_0.2/car-f-92-20260831T144121Z-seed1001,g7-i3,7,crossover,g6-i14|g6-i19,7,4.573,36.586,14,4,(if (> g e) (* f (+ d h)) (* a (+ b g))),(if (< e g) (* (+ d h) f) (* (+ b g) a))
results/temperature/T_0.2/car-f-92-20260831T144121Z-seed1001,g7-i4,7,crossover,g6-e0|g6-i5,36,3.242,119.945,16,4,(if (> a c) (+ (* b e) f) (* (+ g h) (/ d e))),(if (< c a) (+ (* b e) f) (* (+ g h) (/ d e)))
results/temperature/T_0.2/car-f-92-20260831T144121Z-seed1001,g7-i5,7,crossover,g6-e0|g6-i5,21,4.258,93.687,16,4,(if (> f e) (* (+ a b) c) (+ (* g h) (/ d e))),(if (< e f) (* (+ a b) c) (+ (* g h) (/ d e)))
results/temperature/T_0.2/car-f-92-20260831T144121Z-seed1001,g7-i6,7,crossover,g6-i1|g6-i5,17,4.543,81.775,14,4,(if (> e h) (+ (* f g) a) (* b (+ c d))),(if (< h e) (+ (* f g) a) (* (+ c d) b))
results/temperature/T_0.2/car-f-92-20260831T144121Z-seed1001,g7-i7,7,crossover,g6-i1|g6-i5,14,4.776,71.633,16,4,(if (< b c) (* (+ a e) f) (+ (* g h) (/ d e))),(if (< b c) (* (+ a e) f) (+ (* g h) (/ d e)))
results/temperature/T_0.2/car-f-92-20260831T144121Z-seed1001,g7-i8,7,mutation,g6-i5,32,3.912,129.087,18,4,(if (> (* b c) a) (+ (* a e) f) (* (+ g h) (/ d e))),(if (< a (* b c)) (+ (* a e) f) (* (+ g h) (/ d e)))
results/temperature/T_0.2/car-f-92-20260831T144121Z-seed1001,g7-i9,7,crossover,g6-i5|g6-i3,23,4.824,115.770,16,4,(if (> a b) (+ (* c d) e) (* (+ f g) (/ h a))),(if (< b a) (+ (* c d) e) (* (+ f g) (/ h a)))
results/temperature/T_0.2/car-f-92-20260831T144121Z-seed1001,g7-i10,7,crossover,g6-i5|g6-i3,51,2.029,105.496,16,4,(if (< c d) (- (* e f) g) (+ (/ a b) (* c h))),(if (< c d) (- (* e f) g) (+ (* c h) (/ a b)))
results/temperature/T_0.2/car-f-92-20260831T144121Z-seed1001,g7-i11,7,mutation,g6-e0,22,4.712,108.374,18,4,(if (> (+ f a) c) (* a (+ b e)) (+ (* g h) (/ d e))),(if (< c (+ a f)) (* (+ b e) a) (+ (* g h) (/ d e)))
results/temperature/T_0.2/car-f-92-20260831T144121Z-seed1001,g7-i12,7,crossover,g6-e0|g6-i1,9,4.731,47.308,18,4,(if (> e g) (+ (* f h) (* b c)) (* (+ a d) (+ e f))),(if (< g e) (+ (* b c) (* f h)) (* (+ a d) (+ e f)))
results/temperature/T_0.2/car-f-92-20260831T144121Z-seed1001,g7-i13,7,crossover,g6-e0|g6-i1,58,2.573,151.788,18,4,(if (<= d h) (+ (/ f g) (* a b)) (- (* c e) (+ f g))),(if (<= d h) (+ (* a b) (/ f g)) (- (* c e) (+ f g)))
results/temperature/T_0.2/car-f-92-20260831T144121Z-seed1001,g7-i14,7,mutation,g6-e0,30,4.237,131.338,18,4,(if (> (+ f d) c) (* a (+ b e)) (+ (* g h) (/ d e))),(if (< c (+ d f)) (* (+ b e) a) (+ (* g h) (/ d e)))
results/temperature/T_0.2/car-f-92-20260831T144121Z-seed1001,g7-i15,7,mutation,g6-i18,4,4.658,23.288,14,4,(if (> d e) (+ f (* g h)) (- a (* b c))),(if (< e d) (+ (* g h) f) (- a (* b c)))
results/temperature/T_0.2/car-f-92-20260831T144121Z-seed1001,g7-i16,7,crossover,g6-i15|g6-i15,8,4.622,41.602,14,4,(if (> e h) (+ (* f g) (* b c)) (* a h)),(if (< h e) (+ (* b c) (* f g)) (* a h))
results/temperature/T_0.2/car-f-92-20260831T144121Z-seed1001,g7-i17,7,crossover,g6-i15|g6-i15,5,4.773,28.640,18,4,(if (> h e) (+ (* f g) (* b c)) (+ (* a h) (* e d))),(if (< e h) (+ (* b c) (* f g)) (+ (* a h) (* d e)))
results/temperature/T_0.2/car-f-92-20260831T144121Z-seed1001,g7-i18,7,crossover,g6-e0|g6-i18,12,4.482,58.263,14,4,(if (> e f) (+ (* a b) c) (- (* d g) h)),(if (< f e) (+ (* a b) c) (- (* d g) h))
results/temperature/T_0.2/car-f-92-20260831T144121Z-seed1001,g7-i19,7,crossover,g6-e0|g6-i18,30,4.262,132.127,14,4,(if (<= a h) (* (+ b c) e) (+ (/ f g) d)),(if (<= a h) (* (+ b c) e) (+ (/ f g) d))
results/temperature/T_0.2/car-f-92-20260831T144121Z-seed1001,g8-e0,8,elitism,g7-e0,0,4.656,4.656,16,4,(if (> f c) (* a (+ b e)) (+ (* g h) (/ d e))),(if (< c f) (* (+ b e) a) (+ (* g h) (/ d e)))
results/temperature/T_0.2/car-f-92-20260831T144121Z-seed1001,g8-i1,8,crossover,g7-e0|g7-i7,0,4.643,4.643,16,4,(if (> f c) (* (+ a e) f) (+ (* g h) (/ d e))),(if (< c f) (* (+ a e) f) (+ (* g h) (/ d e)))
results/temperature/T_0.2/car-f-92-20260831T144121Z-seed1001,g8-i2,8,crossover,g7-e0|g7-i7,17,4.810,86.572,16,4,(if (< b c) (* a (+ b e)) (+ (* g h) (/ d e))),(if (< b c) (* (+ b e) a) (+ (* g h) (/ d e)))
results/temperature/T_0.2/car-f-92-20260831T144121Z-seed1001,g8-i3,8,mutation,g7-i17,10,4.581,50.395,18,4,(if (> g e) (+ (* f h) (* b c)) (+ (* a h) (* e d))),(if (< e g) (+ (* b c) (* f h)) (+ (* a h) (* d e)))
results/temperature/T_0.2/car-f-92-20260831T144121Z-seed1001,g8-i4,8,crossover,g7-i12|g7-i6,5,4.471,26.826,18,4,(if (> f g) (+ (* e h) (* b d)) (* (+ a c) (+ e f))),(if (< g f) (+ (* b d) (* e h)) (* (+ a c) (+ e f)))
results/temperature/T_0.2/car-f-92-20260831T144121Z-seed1001,g8-i5,8,crossover,g7-i12|g7-i6,5,4.852,29.111,16,4,(if (> e h) (+ (* f g) (* b c)) (* a (+ d f))),(if (< h e) (+ (* b c) (* f g)) (* (+ d f) a))
results/temperature/T_0.2/car-f-92-20260831T144121Z-seed1001,g8-i6,8,crossover,g7-e0|g7-i2,16,4.840,82.278,16,4,(if (> f c) (+ (* g h) (/ d e)) (+ a (* c h))),(if (< c f) (+ (* g h) (/ d e)) (+ (* c h) a))
results/temperature/T_0.2/car-f-92-20260831T144121Z-seed1001,g8-i7,8,crossover,g7-i3|g7-e0,26,4.294,115.933,18,4,(if (> f e) (+ (* a b) (* c d)) (* (+ g h) (- d e))),(if (< e f) (+ (* a b) (* c d)) (* (+ g h) (- d e)))
results/temperature/T_0.2/car-f-92-20260831T144121Z-seed1001,g8-i8,8,crossover,g7-i3|g7-e0,3,4.871,19.485,18,4,(if (<= a g) (+ (* f h) (/ c e)) (* (+ b d) (+ f g))),(if (<= a g) (+ (* f h) (/ c e)) (* (+ b d) (+ f g)))
results/temperature/T_0.2/car-f-92-20260831T144121Z-seed1001,g8-i9,8,crossover,g7-i15|g7-i16,5,4.946,29.676,14,4,(if (< e g) (* (+ f b) h) (+ a (* c d))),(if (< e g) (* (+ b f) h) (+ (* c d) a))
results/temperature/T_0.2/car-f-92-20260831T144121Z-seed1001,g8-i10,8,crossover,g7-i15|g7-i16,13,5.058,70.815,16,4,(if (<= d h) (- (+ g f) (* b e)) (+ (* a c) e)),(if (<= d h) (- (+ f g) (* b e)) (+ (* a c) e))
results/temperature/T_0.2/car-f-92-20260831T144121Z-seed1001,g8-i11,8,crossover,g7-i16|g7-i3,37,3.825,145.361,16,4,(if (> f h) (+ (* e g) (* c d)) (* a (+ b h))),(if (< h f) (+ (* c d) (* e g)) (* (+ b h) a))
results/temperature/T_0.2/car-f-92-20260831T144121Z-seed1001,g8-i12,8,crossover,g7-i16|g7-i3,7,4.871,38.966,14,4,(if (> d e) (* g (+ f c)) (* b (+ a e))),(if (< e d) (* (+ c f) g) (* (+ a e) b))
results/temperature/T_0.2/car-f-92-20260831T144121Z-seed1001,g8-i13,8,crossover,g7-i7|g7-i2,45,3.525,162.158,16,4,(if (< a g) (+ (* b e) f) (* (+ c d) (/ h e))),(if (< a g) (+ (* b e) f) (* (+ c d) (/ h e)))
results/temperature/T_0.2/car-f-92-20260831T144121Z-seed1001,g8-i14,8,crossover,g7-i7|g7-i2,6,4.923,34.459,16,4,(if (> f d) (- (* g h) e) (+ (/ a b) (* c f))),(if (< d f) (- (* g h) e) (+ (* c f) (/ a b)))
results/temperature/T_0.2/car-f-92-20260831T144121Z-seed1001,g8-i15,8,crossover,g7-i16|g7-i7,12,4.822,62.684,18,4,(if (< e h) (* (+ f g) (* b c)) (+ (* a e) (/ d h))),(if (< e h) (* (* b c) (+ f g)) (+ (* a e) (/ d h)))
results/temperature/T_0.2/car-f-92-20260831T144121Z-seed1001,g8-i16,8,crossover,g7-i16|g7-i7,8,4.318,38.865,18,4,(if (> b c) (+ (* f g) (* a e)) (* (+ d h) (/ f g))),(if (< c b) (+ (* a e) (* f g)) (* (+ d h) (/ f g)))
results/temperature/T_0.2/car-f-92-20260831T144121Z-seed1001,g8-i17,8,mutation,g7-e0,9,4.795,47.953,16,4,(if (> c e) (* a (+ b f)) (+ (* g h) (/ d e))),(if (< e c) (* (+ b f) a) (+ (* g h) (/ d e)))
results/temperature/T_0.2/car-f-92-20260831T144121Z-seed1001,g8-i18,8,mutation,g7-i17,6,4.557,31.902,18,4,(if (> g e) (+ (* f h) (* b c)) (+ (* a h) (* e d))),(if (< e g) (+ (* b c) (* f h)) (+ (* a h) (* d e)))
results/temperature/T_0.2/car-f-92-20260831T144121Z-seed1001,g8-i19,8,mutation,g7-e0,27,4.047,113.327,18,4,(if (> (+ f d) c) (* a (+ b e)) (+ (* g h) (/ d e))),(if (< c (+ d f)) (* (+ b e) a) (+ (* g h) (/ d e)))
results/temperature/T_0.2/car-f-92-20260831T144121Z-seed1001,g9-e0,9,elitism,g8-i1,0,4.643,4.643,16,4,(if (> f c) (* (+ a e) f) (+ (* g h) (/ d e))),(if (< c f) (* (+ a e) f) (+ (* g h) (/ d e)))
results/temperature/T_0.2/car-f-92-20260831T144121Z-seed1001,g9-i1,9,mutation,g8-i1,35,3.738,134.577,16,4,(if (< f c) (+ (* a e) f) (* (+ g h) (/ d e))),(if (< f c) (+ (* a e) f) (* (+ g h) (/ d e)))
results/temperature/T_0.2/car-f-92-20260831T144121Z-seed1001,g9-i2,9,crossover,g8-i17|g8-i9,7,4.491,35.929,14,4,(if (> e g) (+ (* f b) a) (* (+ c d) h)),(if (< g e) (+ (* b f) a) (* (+ c d) h))
results/temperature/T_0.2/car-f-92-20260831T144121Z-seed1001,g9-i3,9,crossover,g8-i17|g8-i9,34,3.985,139.491,16,4,(if (< c d) (+ (* a b) g) (- (* e f) (+ h d))),(if (< c d) (+ (* a b) g) (- (* e f) (+ d h)))
results/temperature/T_0.2/car-f-92-20260831T144121Z-seed1001,g9-i4,9,crossover,g8-e0|g8-i4,4,4.874,24.371,18,4,(if (< e g) (+ (* f h) (/ c d)) (* (+ a b) (+ e f))),(if (< e g) (+ (* f h) (/ c d)) (* (+ a b) (+ e f)))
results/temperature/T_0.2/car-f-92-20260831T144121Z-seed1001,g9-i5,9,crossover,g8-e0|g8-i4,37,3.436,130.579,18,4,(if (> c d) (- (* g e) (/ b h)) (+ (* a f) (* e d))),(if (< d c) (- (* e g) (/ b h)) (+ (* a f) (* d e)))
results/temperature/T_0.2/car-f-92-20260831T144121Z-seed1001,g9-i6,9,crossover,g8-i12|g8-i5,6,4.804,33.627,16,4,(if (> f h) (+ (* g c) (* e d)) (* a (+ b e))),(if (< h f) (+ (* c g) (* d e)) (* (+ b e) a))
results/temperature/T_0.2/car-f-92-20260831T144121Z-seed1001,g9-i7,9,crossover,g8-i12|g8-i5,4,4.677,23.383,18,4,(if (> c h) (* (+ f g) (+ a b)) (+ (* d e) (* f g))),(if (< h c) (* (+ a b) (+ f g)) (+ (* d e) (* f g)))
results/temperature/T_0.2/car-f-92-20260831T144121Z-seed1001,g9-i8,9,crossover,g8-i8|g8-i16,4,5.004,25.019,18,4,(if (> a g) (* (+ f h) (/ c e)) (+ (* b d) (* f g))),(if (< g a) (* (+ f h) (/ c e)) (+ (* b d) (* f g)))
results/temperature/T_0.2/car-f-92-20260831T144121Z-seed1001,g9-i9,9,crossover,g8-i8|g8-i16,4,4.563,22.817,18,4,(if (<= b c) (+ (* f g) (/ a e)) (* (+ d h) (+ f g))),(if (<= b c) (+ (* f g) (/ a e)) (* (+ d h) (+ f g)))
results/temperature/T_0.2/car-f-92-20260831T144121Z-seed1001,g9-i10,9,crossover,g8-i1|g8-i5,47,3.192,153.197,18,4,(if (> a h) (+ (* b e) (/ f g)) (* (+ c d) (- e f))),(if (< h a) (+ (* b e) (/ f g)) (* (+ c d) (- e f)))
results/temperature/T_0.2/car-f-92-20260831T144121Z-seed1001,g9-i11,9,mutation,g8-i4,5,4.813,28.878,18,4,(if (> b g) (+ (* e h) (* f d)) (* (+ a c) (+ e f))),(if (< g b) (+ (* d f) (* e h)) (* (+ a c) (+ e f)))
results/temperature/T_0.2/car-f-92-20260831T144121Z-seed1001,g9-i12,9,crossover,g8-e0|g8-i8,10,4.554,50.093,18,4,(if (> a g) (+ (* b h) (/ f e)) (* (+ c d) (+ f g))),(if (< g a) (+ (* b h) (/ f e)) (* (+ c d) (+ f g)))
results/temperature/T_0.2/car-f-92-20260831T144121Z-seed1001,g9-i13,9,crossover,g8-e0|g8-i8,17,4.750,85.493,18,4,(if (<= f h) (+ (* a e) (/ g d)) (* (+ b c) (+ d e))),(if (<= f h) (+ (* a e) (/ g d)) (* (+ b c) (+ d e)))
results/temperature/T_0.2/car-f-92-20260831T144121Z-seed1001,g9-i14,9,mutation,g8-e0,9,4.755,47.547,16,4,(if (< f c) (* a (+ b e)) (+ (* g h) (/ d e))),(if (< f c) (* (+ b e) a) (+ (* g h) (/ d e)))
results/temperature/T_0.2/car-f-92-20260831T144121Z-seed1001,g9-i15,9,crossover,g8-e0|g8-i14,2,5.033,15.098,18,4,(if (< f d) (+ (* g h) (/ a e)) (* (+ b c) (- e f))),(if (< f d) (+ (* g h) (/ a e)) (* (+ b c) (- e f)))
results/temperature/T_0.2/car-f-92-20260831T144121Z-seed1001,g9-i16,9,crossover,g8-e0|g8-i14,39,3.897,155.876,18,4,(if (> c d) (- (+ g h) (* a b)) (+ (/ f e) (* c d))),(if (< d c) (- (+ g h) (* a b)) (+ (* c d) (/ f e)))
results/temperature/T_0.2/car-f-92-20260831T144121Z-seed1001,g9-i17,9,crossover,g8-i8|g8-i16,0,4.944,4.944,18,4,(if (> a g) (* (+ f h) (/ c e)) (+ (* b d) (* f g))),(if (< g a) (* (+ f h) (/ c e)) (+ (* b d) (* f g)))
results/temperature/T_0.2/car-f-92-20260831T144121Z-seed1001,g9-i18,9,crossover,g8-i8|g8-i16,2,4.868,14.603,18,4,(if (<= b c) (+ (* f g) (/ a e)) (* (+ d h) (+ f g))),(if (<= b c) (+ (* f g) (/ a e)) (* (+ d h) (+ f g)))
results/temperature/T_0.2/car-f-92-20260831T144121Z-seed1001,g9-i19,9,mutation,g8-i4,9,4.789,47.894,18,4,(if (> b g) (+ (* e h) (* f d)) (* (+ a c) (+ e f))),(if (< g b) (+ (* d f) (* e h)) (* (+ a c) (+ e f)))
results/temperature/T_0.4/car-f-92-20260831T153114Z-seed1001,init-i0,-1,initial,,9,4.444,44.439,7,4,(+ a (+ b (* c d))),(+ (+ (* c d) b) a)
results/temperature/T_0.4/car-f-92-20260831T153114Z-seed1001,init-i1,-1,initial,,35,3.522,126.783,10,3,(if (< e f) (* g h) (+ a b)),(if (< e f) (* g h) (+ a b))
results/temperature/T_0.4/car-f-92-20260831T153114Z-seed1001,init-i2,-1,initial,,56,1.922,109.531,7,3,(* (+ d e) (- f g)),(* (+ d e) (- f g))
results/temperature/T_0.4/car-f-92-20260831T153114Z-seed1001,init-i3,-1,initial,,6,4.522,31.651,10,4,(+ (+ a b) (if (> c h) d e)),(+ (+ a b) (if (< h c) d e))
results/temperature/T_0.4/car-f-92-20260831T153114Z-seed1001,init-i4,-1,initial,,9,4.761,47.605,3,2,(+ a b),(+ a b)
results/temperature/T_0.4/car-f-92-20260831T153114Z-seed1001,init-i5,-1,initial,,8,4.555,40.993,10,3,(if (< e h) (* c d) (+ f g)),(if (< e h) (* c d) (+ f g))
results/temperature/T_0.4/car-f-92-20260831T153114Z-seed1001,init-i6,-1,initial,,51,2.394,124.479,7,3,(* (+ a b) (- c d)),(* (+ a b) (- c d))
results/temperature/T_0.4/car-f-92-20260831T153114Z-seed1001,init-i7,-1,initial,,11,4.740,56.881,7,3,(+ (* a b) (/ c d)),(+ (* a b) (/ c d))
results/temperature/T_0.4/car-f-92-20260831T153114Z-seed1001,init-i8,-1,initial,,15,4.304,68.864,7,4,(+ a (+ b (* c d))),(+ (+ (* c d) b) a)
results/temperature/T_0.4/car-f-92-20260831T153114Z-seed1001,init-i9,-1,initial,,28,3.831,111.107,10,3,(if (< e f) (* g h) (+ a b)),(if (< e f) (* g h) (+ a b))
results/temperature/T_0.4/car-f-92-20260831T153114Z-seed1001,init-i10,-1,initial,,54,2.368,130.245,7,3,(* (+ d e) (- f g)),(* (+ d e) (- f g))
results/temperature/T_0.4/car-f-92-20260831T153114Z-seed1001,init-i11,-1,initial,,10,4.857,53.422,10,4,(+ (+ a b) (if (> c d) e f)),(+ (+ a b) (if (< d c) e f))
results/temperature/T_0.4/car-f-92-20260831T153114Z-seed1001,init-i12,-1,initial,,10,4.736,52.091,3,2,(+ a b),(+ a b)
results/temperature/T_0.4/car-f-92-20260831T153114Z-seed1001,init-i13,-1,initial,,15,4.456,71.292,10,3,(if (< e h) (* c d) (+ f g)),(if (< e h) (* c d) (+ f g))
results/temperature/T_0.4/car-f-92-20260831T153114Z-seed1001,init-i14,-1,initial,,56,1.831,104.366,7,3,(* (+ a b) (- c d)),(* (+ a b) (- c d))
results/temperature/T_0.4/car-f-92-20260831T153114Z-seed1001,init-i15,-1,initial,,8,4.646,41.816,7,3,(+ (* a b) (/ f g)),(+ (* a b) (/ f g))
results/temperature/T_0.4/car-f-92-20260831T153114Z-seed1001,init-i16,-1,initial,,10,4.693,51.626,7,3,(* (+ a b) (+ c d)),(* (+ a b) (+ c d))
results/temperature/T_0.4/car-f-92-20260831T153114Z-seed1001,init-i17,-1,initial,,45,2.904,133.575,7,3,(+ (* e f) (* g h)),(+ (* e f) (* g h))
results/temperature/T_0.4/car-f-92-20260831T153114Z-seed1001,init-i18,-1,initial,,47,2.995,143.747,10,3,(if (< a b) (+ c d) (- e f)),(if (< a b) (+ c d) (- e f))
results/temperature/T_0.4/car-f-92-20260831T153114Z-seed1001,init-i19,-1,initial,,29,3.263,97.901,7,3,(/ (+ a b) (+ c d)),(/ (+ a b) (+ c d))
results/temperature/T_0.4/car-f-92-20260831T153114Z-seed1001,g0-e0,0,elitism,init-i3,6,4.522,31.651,10,4,(+ (+ a b) (if (> c h) d e)),(+ (+ a b) (if (< h c) d e))
results/temperature/T_0.4/car-f-92-20260831T153114Z-seed1001,g0-i1,0,crossover,init-i5|init-i3,4,4.735,23.676,12,4,(if (> e h) (+ (* c d) f) (+ a b)),(if (< h e) (+ (* c d) f) (+ a b))
results/temperature/T_0.4/car-f-92-20260831T153114Z-seed1001,g0-i2,0,crossover,init-i5|init-i3,10,4.758,52.338,14,4,(+ (if (< c h) (* e g) (+ a b)) (* f d)),(+ (* d f) (if (< c h) (* e g) (+ a b)))
results/temperature/T_0.4/car-f-92-20260831T153114Z-seed1001,g0-i3,0,crossover,init-i4|init-i6,7,4.595,36.762,10,3,(if (< e f) (* a b) (+ c d)),(if (< e f) (* a b) (+ c d))
results/temperature/T_0.4/car-f-92-20260831T153114Z-seed1001,g0-i4,0,crossover,init-i3|init-i7,6,4.605,32.237,10,4,(+ (* a b) (if (> c h) d e)),(+ (* a b) (if (< h c) d e))
results/temperature/T_0.4/car-f-92-20260831T153114Z-seed1001,g0-i5,0,crossover,init-i3|init-i7,4,4.980,24.899,7,3,(+ (+ a b) (/ c d)),(+ (+ a b) (/ c d))
results/temperature/T_0.4/car-f-92-20260831T153114Z-seed1001,g0-i6,0,crossover,init-i3|init-i15,8,4.597,41.369,10,4,(+ (* a b) (if (> c h) d e)),(+ (* a b) (if (< h c) d e))
results/temperature/T_0.4/car-f-92-20260831T153114Z-seed1001,g0-i7,0,crossover,init-i3|init-i15,4,4.652,23.262,7,3,(+ (+ a b) (/ f g)),(+ (+ a b) (/ f g))
results/temperature/T_0.4/car-f-92-20260831T153114Z-seed1001,g0-i8,0,crossover,init-i15|init-i15,8,4.647,41.824,9,4,(+ (* a (+ b c)) (/ f g)),(+ (* (+ b c) a) (/ f g))
results/temperature/T_0.4/car-f-92-20260831T153114Z-seed1001,g0-i9,0,crossover,init-i15|init-i15,19,4.848,96.967,12,4,(if (< a b) (* f g) (+ (/ f g) h)),(if (< a b) (* f g) (+ (/ f g) h))
results/temperature/T_0.4/car-f-92-20260831T153114Z-seed1001,g0-i10,0,mutation,init-i3,8,4.508,40.568,10,4,(+ (+ a b) (if (> c g) d e)),(+ (+ a b) (if (< g c) d e))
results/temperature/T_0.4/car-f-92-20260831T153114Z-seed1001,g0-i11,0,mutation,init-i8,12,4.676,60.789,7,4,(+ a (* b (+ c d))),(+ (* (+ c d) b) a)
results/temperature/T_0.4/car-f-92-20260831T153114Z-seed1001,g0-i12,0,mutation,init-i3,34,3.645,127.584,12,4,(+ (+ a b) (if (> c h) (* d e) e)),(+ (+ a b) (if (< h c) (* d e) e))
results/temperature/T_0.4/car-f-92-20260831T153114Z-seed1001,g0-i13,0,crossover,init-i3|init-i16,13,4.558,63.813,10,4,(+ (* a b) (if (> c h) d e)),(+ (* a b) (if (< h c) d e))
results/temperature/T_0.4/car-f-92-20260831T153114Z-seed1001,g0-i14,0,crossover,init-i3|init-i16,6,4.836,33.853,7,3,(+ (+ a b) (* c d)),(+ (* c d) (+ a b))
results/temperature/T_0.4/car-f-92-20260831T153114Z-seed1001,g0-i15,0,crossover,init-i7|init-i4,7,4.483,35.863,7,3,(+ (/ a b) (* c d)),(+ (* c d) (/ a b))
results/temperature/T_0.4/car-f-92-20260831T153114Z-seed1001,g0-i16,0,crossover,init-i7|init-i4,31,4.375,139.998,10,3,(if (< e f) (+ a b) (* c d)),(if (< e f) (+ a b) (* c d))
results/temperature/T_0.4/car-f-92-20260831T153114Z-seed1001,g0-i17,0,mutation,init-i3,29,4.249,127.465,12,4,(+ (+ a b) (if (> c h) (* d e) e)),(+ (+ a b) (if (< h c) (* d e) e))
results/temperature/T_0.4/car-f-92-20260831T153114Z-seed1001,g0-i18,0,crossover,init-i5|init-i15,13,4.091,57.278,12,4,(if (> f g) (+ (* e h) c) (- d b)),(if (< g f) (+ (* e h) c) (- d b))
results/temperature/T_0.4/car-f-92-20260831T153114Z-seed1001,g0-i19,0,crossover,init-i5|init-i15,3,4.541,18.165,9,4,(+ (/ (+ a b) c) (* f g)),(+ (* f g) (/ (+ a b) c))
results/temperature/T_0.4/car-f-92-20260831T153114Z-seed1001,g1-e0,1,elitism,g0-i19,3,4.541,18.165,9,4,(+ (/ (+ a b) c) (* f g)),(+ (* f g) (/ (+ a b) c))
results/temperature/T_0.4/car-f-92-20260831T153114Z-seed1001,g1-i1,1,crossover,g0-e0|g0-i19,11,4.995,59.942,10,4,(+ (* a b) (if (< c h) d e)),(+ (* a b) (if (< c h) d e))
results/temperature/T_0.4/car-f-92-20260831T153114Z-seed1001,g1-i2,1,crossover,g0-e0|g0-i19,6,4.634,32.437,9,4,(+ (/ (+ f g) h) (* a b)),(+ (* a b) (/ (+ f g) h))
results/temperature/T_0.4/car-f-92-20260831T153114Z-seed1001,g1-i3,1,crossover,g0-e0|g0-i19,9,4.796,47.956,10,4,(+ (* a b) (if (< c h) d e)),(+ (* a b) (if (< c h) d e))
results/temperature/T_0.4/car-f-92-20260831T153114Z-seed1001,g1-i4,1,crossover,g0-e0|g0-i19,10,4.774,52.511,9,4,(+ (/ (+ f g) h) (* a b)),(+ (* a b) (/ (+ f g) h))
results/temperature/T_0.4/car-f-92-20260831T153114Z-seed1001,g1-i5,1,crossover,g0-i14|g0-i19,33,4.228,143.757,10,3,(if (< e f) (+ a b) (* c d)),(if (< e f) (+ a b) (* c d))
results/temperature/T_0.4/car-f-92-20260831T153114Z-seed1001,g1-i6,1,crossover,g0-i14|g0-i19,11,4.735,56.815,9,4,(+ (* (/ a c) b) (/ f g)),(+ (* (/ a c) b) (/ f g))
results/temperature/T_0.4/car-f-92-20260831T153114Z-seed1001,g1-i7,1,mutation,g0-i19,23,4.736,113.670,14,4,(if (< a b) (+ (* c d) e) (+ (/ f g) h)),(if (< a b) (+ (* c d) e) (+ (/ f g) h))
results/temperature/T_0.4/car-f-92-20260831T153114Z-seed1001,g1-i8,1,crossover,g0-e0|g0-i14,12,4.420,57.460,9,4,(+ (+ a b) (* c (+ d e))),(+ (* (+ d e) c) (+ a b))
results/temperature/T_0.4/car-f-92-20260831T153114Z-seed1001,g1-i9,1,crossover,g0-e0|g0-i14,4,4.714,23.569,9,4,(+ (+ a b) (/ c (+ d e))),(+ (+ a b) (/ c (+ d e)))
results/temperature/T_0.4/car-f-92-20260831T153114Z-seed1001,g1-i10,1,mutation,g0-i1,8,4.652,41.870,14,4,(if (> e h) (+ (* c d) (* f g)) (+ a b)),(if (< h e) (+ (* c d) (* f g)) (+ a b))
results/temperature/T_0.4/car-f-92-20260831T153114Z-seed1001,g1-i11,1,mutation,g0-i2,12,5.251,68.264,10,3,(if (< c h) (* e g) (+ a b)),(if (< c h) (* e g) (+ a b))
results/temperature/T_0.4/car-f-92-20260831T153114Z-seed1001,g1-i12,1,crossover,g0-i5|g0-i19,6,5.094,35.658,7,3,(+ (* a b) (+ f g)),(+ (* a b) (+ f g))
results/temperature/T_0.4/car-f-92-20260831T153114Z-seed1001,g1-i13,1,crossover,g0-i18|g0-e0,32,2.861,94.422,12,4,(if (> c g) (+ (* e h) d) (- f b)),(if (< g c) (+ (* e h) d) (- f b))
results/temperature/T_0.4/car-f-92-20260831T153114Z-seed1001,g1-i14,1,crossover,g0-i18|g0-e0,14,4.743,71.147,10,4,(+ (+ a c) (if (> f h) e b)),(+ (+ a c) (if (< h f) e b))
results/temperature/T_0.4/car-f-92-20260831T153114Z-seed1001,g1-i15,1,mutation,g0-i19,22,4.143,95.279,14,4,(if (< a b) (+ (* c d) e) (+ (/ f g) h)),(if (< a b) (+ (* c d) e) (+ (/ f g) h))
results/temperature/T_0.4/car-f-92-20260831T153114Z-seed1001,g1-i16,1,crossover,g0-i7|g0-i10,7,4.656,37.248,12,4,(+ (+ a b) (if (> c g) d (+ f e))),(+ (+ a b) (if (< g c) d (+ e f)))
results/temperature/T_0.4/car-f-92-20260831T153114Z-seed1001,g1-i17,1,crossover,g0-i7|g0-i10,7,4.721,37.768,9,4,(+ (+ a b) (* f (/ c g))),(+ (* (/ c g) f) (+ a b))
results/temperature/T_0.4/car-f-92-20260831T153114Z-seed1001,g1-i18,1,crossover,g0-i19|g0-e0,8,4.938,44.442,7,3,(+ (* a b) (/ f g)),(+ (* a b) (/ f g))
results/temperature/T_0.4/car-f-92-20260831T153114Z-seed1001,g1-i19,1,crossover,g0-i19|g0-e0,3,5.061,20.245,10,3,(if (< c h) (+ a b) (* f g)),(if (< c h) (+ a b) (* f g))
results/temperature/T_0.4/car-f-92-20260831T153114Z-seed1001,g2-e0,2,elitism,g1-e0,3,4.541,18.165,9,4,(+ (/ (+ a b) c) (* f g)),(+ (* f g) (/ (+ a b) c))
results/temperature/T_0.4/car-f-92-20260831T153114Z-seed1001,g2-i1,2,mutation,g1-i9,9,4.797,47.974,9,4,(+ (* a b) (/ c (+ d e))),(+ (* a b) (/ c (+ d e)))
results/temperature/T_0.4/car-f-92-20260831T153114Z-seed1001,g2-i2,2,crossover,g1-i8|g1-e0,51,2.880,149.747,10,3,(if (< a b) (+ c d) (* e f)),(if (< a b) (+ c d) (* e f))
results/temperature/T_0.4/car-f-92-20260831T153114Z-seed1001,g2-i3,2,crossover,g1-i8|g1-e0,54,1.779,97.844,9,4,(+ (/ (+ g h) a) (- b c)),(+ (- b c) (/ (+ g h) a))
results/temperature/T_0.4/car-f-92-20260831T153114Z-seed1001,g2-i4,2,crossover,g1-i3|g1-e0,4,4.809,24.047,12,4,(+ (* (+ a b) f) (if (< c h) d e)),(+ (* (+ a b) f) (if (< c h) d e))
results/temperature/T_0.4/car-f-92-20260831T153114Z-seed1001,g2-i5,2,crossover,g1-i3|g1-e0,1,5.169,10.337,9,4,(+ (/ (* a b) c) (* f g)),(+ (* f g) (/ (* a b) c))
results/temperature/T_0.4/car-f-92-20260831T153114Z-seed1001,g2-i6,2,crossover,g1-i18|g1-i13,6,4.514,31.597,14,4,(if (> a b) (* (+ e f) g) (+ (* c d) h)),(if (< b a) (* (+ e f) g) (+ (* c d) h))
results/temperature/T_0.4/car-f-92-20260831T153114Z-seed1001,g2-i7,2,crossover,g1-i18|g1-i13,3,5.038,20.154,11,4,(+ (/ (+ a b) c) (* f (- g h))),(+ (* (- g h) f) (/ (+ a b) c))
results/temperature/T_0.4/car-f-92-20260831T153114Z-seed1001,g2-i8,2,mutation,g1-i16,20,4.311,90.525,12,4,(+ (+ a b) (if (> c g) d (* f e))),(+ (+ a b) (if (< g c) d (* e f)))
results/temperature/T_0.4/car-f-92-20260831T153114Z-seed1001,g2-i9,2,crossover,g1-i17|g1-i2,6,4.740,33.183,7,3,(+ (* a b) (/ f g)),(+ (* a b) (/ f g))
results/temperature/T_0.4/car-f-92-20260831T153114Z-seed1001,g2-i10,2,crossover,g1-i17|g1-i2,49,3.073,153.635,10,3,(if (< c h) (+ a f) (* b e)),(if (< c h) (+ a f) (* b e))
results/temperature/T_0.4/car-f-92-20260831T153114Z-seed1001,g2-i11,2,mutation,g1-i16,22,4.566,105.020,12,4,(+ (+ a b) (if (> c g) d (* f e))),(+ (+ a b) (if (< g c) d (* e f)))
results/temperature/T_0.4/car-f-92-20260831T153114Z-seed1001,g2-i12,2,crossover,g1-i12|g1-i2,6,4.718,33.028,7,4,(+ (* (+ a b) f) g),(+ (* (+ a b) f) g)
results/temperature/T_0.4/car-f-92-20260831T153114Z-seed1001,g2-i13,2,crossover,g1-i12|g1-i2,19,4.878,97.550,12,4,(if (< (+ a b) c) (* f g) (+ f g)),(if (< (+ a b) c) (* f g) (+ f g))
results/temperature/T_0.4/car-f-92-20260831T153114Z-seed1001,g2-i14,2,crossover,g1-e0|g1-i2,8,4.808,43.268,9,4,(+ (* a b) (/ (+ c d) e)),(+ (* a b) (/ (+ c d) e))
results/temperature/T_0.4/car-f-92-20260831T153114Z-seed1001,g2-i15,2,crossover,g1-e0|g1-i2,13,4.555,63.764,14,4,(if (< f g) (+ a (* b c)) (/ (+ d e) h)),(if (< f g) (+ (* b c) a) (/ (+ d e) h))
results/temperature/T_0.4/car-f-92-20260831T153114Z-seed1001,g2-i16,2,crossover,g1-i19|g1-i19,3,4.843,19.371,10,3,(if (< c h) (* a b) (+ f g)),(if (< c h) (* a b) (+ f g))
results/temperature/T_0.4/car-f-92-20260831T153114Z-seed1001,g2-i17,2,mutation,g1-i16,6,4.671,32.698,14,4,(+ (+ a b) (if (> c g) (* d e) (+ f e))),(+ (+ a b) (if (< g c) (* d e) (+ e f)))
results/temperature/T_0.4/car-f-92-20260831T153114Z-seed1001,g2-i18,2,crossover,g1-i3|g1-i10,12,4.736,61.563,12,4,(if (< c h) (+ (* a b) d) (+ e f)),(if (< c h) (+ (* a b) d) (+ e f))
results/temperature/T_0.4/car-f-92-20260831T153114Z-seed1001,g2-i19,2,crossover,g1-i3|g1-i10,6,4.616,32.312,12,4,(+ (* (+ a b) c) (if (> e h) f g)),(+ (* (+ a b) c) (if (< h e) f g))
results/temperature/T_0.4/car-f-92-20260831T153114Z-seed1001,g3-e0,3,elitism,g2-i5,1,5.169,10.337,9,4,(+ (/ (* a b) c) (* f g)),(+ (* f g) (/ (* a b) c))
results/temperature/T_0.4/car-f-92-20260831T153114Z-seed1001,g3-i1,3,crossover,g2-i5|g2-i16,4,4.885,24.427,16,4,(if (< c h) (+ (* a b) (/ f g)) (* (+ a b) c)),(if (< c h) (+ (* a b) (/ f g)) (* (+ a b) c))
results/temperature/T_0.4/car-f-92-20260831T153114Z-seed1001,g3-i2,3,crossover,g2-i5|g2-i16,12,4.575,59.478,12,4,(+ (* (/ a b) c) (if (> f g) h e)),(+ (* (/ a b) c) (if (< g f) h e))
results/temperature/T_0.4/car-f-92-20260831T153114Z-seed1001,g3-i3,3,mutation,g2-i5,1,4.845,9.691,14,4,(if (< a b) (* (+ a b) c) (+ (* f g) h)),(if (< a b) (* (+ a b) c) (+ (* f g) h))
results/temperature/T_0.4/car-f-92-20260831T153114Z-seed1001,g3-i4,3,crossover,g2-i5|g2-i9,4,4.832,24.158,7,3,(+ (* a f) (/ b g)),(+ (* a f) (/ b g))
results/temperature/T_0.4/car-f-92-20260831T153114Z-seed1001,g3-i5,3,crossover,g2-i5|g2-i9,4,4.797,23.986,9,4,(+ (/ (* c d) e) (* f g)),(+ (* f g) (/ (* c d) e))
results/temperature/T_0.4/car-f-92-20260831T153114Z-seed1001,g3-i6,3,crossover,g2-i6|g2-i14,32,4.252,140.306,14,4,(if (< a b) (+ (* e f) g) (* (+ c d) h)),(if (< a b) (+ (* e f) g) (* (+ c d) h))
results/temperature/T_0.4/car-f-92-20260831T153114Z-seed1001,g3-i7,3,crossover,g2-i6|g2-i14,20,4.761,99.981,9,4,(+ (/ (* a b) c) (- e f)),(+ (- e f) (/ (* a b) c))
results/temperature/T_0.4/car-f-92-20260831T153114Z-seed1001,g3-i8,3,mutation,g2-e0,20,4.698,98.653,14,4,(if (< a b) (+ (* c d) e) (+ (/ f g) h)),(if (< a b) (+ (* c d) e) (+ (/ f g) h))
results/temperature/T_0.4/car-f-92-20260831T153114Z-seed1001,g3-i9,3,crossover,g2-i6|g2-i16,12,4.687,60.926,14,4,(if (> e f) (+ (* a b) c) (* (+ g h) d)),(if (< f e) (+ (* a b) c) (* (+ g h) d))
results/temperature/T_0.4/car-f-92-20260831T153114Z-seed1001,g3-i10,3,crossover,g2-i6|g2-i16,40,3.214,131.755,14,4,(if (<= a h) (+ (* f g) b) (* (+ c d) e)),(if (<= a h) (+ (* f g) b) (* (+ c d) e))
results/temperature/T_0.4/car-f-92-20260831T153114Z-seed1001,g3-i11,3,crossover,g2-i16|g2-i12,12,4.489,58.351,12,4,(if (> f g) (+ (* a b) c) (- d e)),(if (< g f) (+ (* a b) c) (- d e))
results/temperature/T_0.4/car-f-92-20260831T153114Z-seed1001,g3-i12,3,crossover,g2-i16|g2-i12,8,4.872,43.845,10,4,(+ (if (< a b) f g) (* c h)),(+ (* c h) (if (< a b) f g))
results/temperature/T_0.4/car-f-92-20260831T153114Z-seed1001,g3-i13,3,mutation,g2-i16,7,5.029,40.235,12,4,(if (> e h) (+ (* a b) f) (/ c g)),(if (< h e) (+ (* a b) f) (/ c g))
results/temperature/T_0.4/car-f-92-20260831T153114Z-seed1001,g3-i14,3,crossover,g2-i4|g2-i7,5,4.713,28.276,10,4,(+ (* a f) (if (< b c) d e)),(+ (* a f) (if (< b c) d e))
results/temperature/T_0.4/car-f-92-20260831T153114Z-seed1001,g3-i15,3,crossover,g2-i4|g2-i7,13,4.804,67.261,11,4,(+ (/ (+ a b) f) (* c (- g h))),(+ (* (- g h) c) (/ (+ a b) f))
results/temperature/T_0.4/car-f-92-20260831T153114Z-seed1001,g3-i16,3,crossover,g2-i7|g2-i19,8,4.581,41.230,7,3,(+ (* a b) (+ f g)),(+ (* a b) (+ f g))
results/temperature/T_0.4/car-f-92-20260831T153114Z-seed1001,g3-i17,3,crossover,g2-e0|g2-e0,3,4.696,18.786,9,4,(+ (* a (+ b c)) (/ f g)),(+ (* (+ b c) a) (/ f g))
results/temperature/T_0.4/car-f-92-20260831T153114Z-seed1001,g3-i18,3,crossover,g2-e0|g2-e0,8,4.861,43.748,14,4,(if (< e h) (+ (* a b) c) (+ (/ f g) h)),(if (< e h) (+ (* a b) c) (+ (/ f g) h))
results/temperature/T_0.4/car-f-92-20260831T153114Z-seed1001,g3-i19,3,mutation,g2-i19,49,2.221,111.043,10,4,(if (> (+ a b) c) (* e f) g),(if (< c (+ a b)) (* e f) g)
results/temperature/T_0.4/car-f-92-20260831T153114Z-seed1001,g4-e0,4,elitism,g3-i3,1,4.845,9.691,14,4,(if (< a b) (* (+ a b) c) (+ (* f g) h)),(if (< a b) (* (+ a b) c) (+ (* f g) h))
results/temperature/T_0.4/car-f-92-20260831T153114Z-seed1001,g4-i1,4,mutation,g3-i8,10,4.540,49.939,14,4,(if (> a b) (+ (* c d) e) (+ (/ f g) h)),(if (< b a) (+ (* c d) e) (+ (/ f g) h))
results/temperature/T_0.4/car-f-92-20260831T153114Z-seed1001,g4-i2,4,mutation,g3-i14,2,5.251,15.753,10,3,(if (> a d) (+ f g) (* b c)),(if (< d a) (+ f g) (* b c))
results/temperature/T_0.4/car-f-92-20260831T153114Z-seed1001,g4-i3,4,crossover,g3-i17|g3-e0,6,5.032,35.222,9,4,(+ (* a (+ b c)) (* f g)),(+ (* (+ b c) a) (* f g))
results/temperature/T_0.4/car-f-92-20260831T153114Z-seed1001,g4-i4,4,crossover,g3-i17|g3-e0,11,4.952,59.423,9,4,(+ (/ (* a b) c) (/ f g)),(+ (/ (* a b) c) (/ f g))
results/temperature/T_0.4/car-f-92-20260831T153114Z-seed1001,g4-i5,4,mutation,g3-i3,5,5.075,30.449,14,4,(if (> a b) (+ (* f g) h) (* (+ a b) c)),(if (< b a) (+ (* f g) h) (* (+ a b) c))
results/temperature/T_0.4/car-f-92-20260831T153114Z-seed1001,g4-i6,4,mutation,g3-i17,30,4.436,137.523,14,4,(if (< a b) (* (+ c d) e) (+ (/ f g) h)),(if (< a b) (* (+ c d) e) (+ (/ f g) h))
results/temperature/T_0.4/car-f-92-20260831T153114Z-seed1001,g4-i7,4,crossover,g3-i4|g3-i1,9,4.651,46.509,16,4,(if (< c h) (* (+ a b) c) (+ (* a f) (/ b g))),(if (< c h) (* (+ a b) c) (+ (* a f) (/ b g)))
results/temperature/T_0.4/car-f-92-20260831T153114Z-seed1001,g4-i8,4,crossover,g3-i4|g3-i1,3,4.961,19.843,9,4,(+ (* (+ a b) c) (/ f g)),(+ (* (+ a b) c) (/ f g))
results/temperature/T_0.4/car-f-92-20260831T153114Z-seed1001,g4-i9,4,crossover,g3-i17|g3-i18,4,4.806,24.030,14,4,(if (< e h) (* (+ a b) c) (+ (/ f g) h)),(if (< e h) (* (+ a b) c) (+ (/ f g) h))
results/temperature/T_0.4/car-f-92-20260831T153114Z-seed1001,g4-i10,4,crossover,g3-i16|g3-i1,11,5.220,62.642,16,4,(if (< c h) (+ (* a b) (* f g)) (* (+ a b) c)),(if (< c h) (+ (* a b) (* f g)) (* (+ a b) c))
results/temperature/T_0.4/car-f-92-20260831T153114Z-seed1001,g4-i11,4,crossover,g3-i16|g3-i1,12,4.919,63.941,14,4,(+ (* a b) (if (> f g) (+ c h) (/ f g))),(+ (* a b) (if (< g f) (+ c h) (/ f g)))
results/temperature/T_0.4/car-f-92-20260831T153114Z-seed1001,g4-i12,4,crossover,g3-i14|g3-i5,3,4.733,18.932,12,4,(+ (* (/ a e) f) (if (< b c) d g)),(+ (* (/ a e) f) (if (< b c) d g))
results/temperature/T_0.4/car-f-92-20260831T153114Z-seed1001,g4-i13,4,crossover,g3-i14|g3-i5,0,4.814,4.814,9,4,(+ (/ (* a b) e) (* f h)),(+ (* f h) (/ (* a b) e))
results/temperature/T_0.4/car-f-92-20260831T153114Z-seed1001,g4-i14,4,crossover,g3-i5|g3-i3,3,4.777,19.108,14,4,(if (< a b) (+ (* c d) e) (* (+ f g) h)),(if (< a b) (+ (* c d) e) (* (+ f g) h))
results/temperature/T_0.4/car-f-92-20260831T153114Z-seed1001,g4-i15,4,crossover,g3-i5|g3-i3,4,4.465,22.324,11,4,(+ (/ (* f g) h) (- (* c d) e)),(+ (- (* c d) e) (/ (* f g) h))
results/temperature/T_0.4/car-f-92-20260831T153114Z-seed1001,g4-i16,4,crossover,g3-i1|g3-e0,41,3.502,147.104,14,4,(if (< a d) (* (+ b c) f) (+ (/ g h) e)),(if (< a d) (* (+ b c) f) (+ (/ g h) e))
results/temperature/T_0.4/car-f-92-20260831T153114Z-seed1001,g4-i17,4,crossover,g3-i1|g3-e0,4,4.801,24.005,9,4,(+ (* (/ a c) b) (- f g)),(+ (* (/ a c) b) (- f g))
results/temperature/T_0.4/car-f-92-20260831T153114Z-seed1001,g4-i18,4,crossover,g3-i4|g3-i14,9,4.759,47.592,10,4,(+ (* a f) (if (< b c) d g)),(+ (* a f) (if (< b c) d g))
results/temperature/T_0.4/car-f-92-20260831T153114Z-seed1001,g4-i19,4,crossover,g3-i4|g3-i14,5,4.855,29.128,7,3,(+ (* a f) (/ b e)),(+ (* a f) (/ b e))
results/temperature/T_0.4/car-f-92-20260831T153114Z-seed1001,g5-e0,5,elitism,g4-i13,0,4.814,4.814,9,4,(+ (/ (* a b) e) (* f h)),(+ (* f h) (/ (* a b) e))
results/temperature/T_0.4/car-f-92-20260831T153114Z-seed1001,g5-i1,5,crossover,g4-i13|g4-i2,10,4.709,51.795,10,3,(if (< e h) (* a b) (+ f g)),(if (< e h) (* a b) (+ f g))
results/temperature/T_0.4/car-f-92-20260831T153114Z-seed1001,g5-i2,5,crossover,g4-i13|g4-i2,18,4.987,94.756,9,4,(+ (* (/ c d) e) (- f g)),(+ (* (/ c d) e) (- f g))
results/temperature/T_0.4/car-f-92-20260831T153114Z-seed1001,g5-i3,5,crossover,g4-i15|g4-i8,4,4.868,24.342,7,3,(+ (* a c) (/ f g)),(+ (* a c) (/ f g))
results/temperature/T_0.4/car-f-92-20260831T153114Z-seed1001,g5-i4,5,crossover,g4-i15|g4-i8,10,4.758,52.341,14,4,(if (< e h) (+ (* b d) g) (- (* c f) e)),(if (< e h) (+ (* b d) g) (- (* c f) e))
results/temperature/T_0.4/car-f-92-20260831T153114Z-seed1001,g5-i5,5,crossover,g4-i12|g4-e0,17,4.858,87.450,14,4,(if (< a b) (+ (* f g) h) (* (/ a e) f)),(if (< a b) (+ (* f g) h) (* (/ a e) f))
results/temperature/T_0.4/car-f-92-20260831T153114Z-seed1001,g5-i6,5,crossover,g4-i2|g4-i13,7,4.818,38.546,10,3,(if (< e d) (* f g) (+ b c)),(if (< e d) (* f g) (+ b c))
results/temperature/T_0.4/car-f-92-20260831T153114Z-seed1001,g5-i7,5,crossover,g4-i2|g4-i13,0,4.922,4.922,11,4,(+ (* (/ a e) b) (/ (* f h) g)),(+ (* (/ a e) b) (/ (* f h) g))
results/temperature/T_0.4/car-f-92-20260831T153114Z-seed1001,g5-i8,5,crossover,g4-i2|g4-i14,21,5.049,111.085,14,4,(if (< a b) (* (+ f g) h) (+ (* c d) e)),(if (< a b) (* (+ f g) h) (+ (* c d) e))
results/temperature/T_0.4/car-f-92-20260831T153114Z-seed1001,g5-i9,5,crossover,g4-i2|g4-i14,3,4.990,19.959,12,4,(if (> a d) (* (+ f g) h) (+ f g)),(if (< d a) (* (+ f g) h) (+ f g))
results/temperature/T_0.4/car-f-92-20260831T153114Z-seed1001,g5-i10,5,mutation,g4-i2,7,4.777,38.218,12,4,(if (< e h) (+ (* a b) c) (- f g)),(if (< e h) (+ (* a b) c) (- f g))
results/temperature/T_0.4/car-f-92-20260831T153114Z-seed1001,g5-i11,5,crossover,g4-i13|g4-i8,6,4.964,34.750,7,3,(+ (* a c) (/ f e)),(+ (* a c) (/ f e))
results/temperature/T_0.4/car-f-92-20260831T153114Z-seed1001,g5-i12,5,crossover,g4-i13|g4-i8,10,4.442,48.864,14,4,(if (< b g) (+ (* a f) e) (+ (/ c h) d)),(if (< b g) (+ (* a f) e) (+ (/ c h) d))
results/temperature/T_0.4/car-f-92-20260831T153114Z-seed1001,g5-i13,5,crossover,g4-i14|g4-i2,7,4.693,37.548,14,4,(if (< a b) (* (+ c d) e) (+ (* f g) h)),(if (< a b) (* (+ c d) e) (+ (* f g) h))
results/temperature/T_0.4/car-f-92-20260831T153114Z-seed1001,g5-i14,5,crossover,g4-i14|g4-i2,46,2.803,131.727,14,4,(if (> a d) (+ (* b c) f) (* g (+ e h))),(if (< d a) (+ (* b c) f) (* (+ e h) g))
results/temperature/T_0.4/car-f-92-20260831T153114Z-seed1001,g5-i15,5,mutation,g4-i19,5,4.806,28.837,9,4,(+ (* a (+ f c)) (/ b e)),(+ (* (+ c f) a) (/ b e))
results/temperature/T_0.4/car-f-92-20260831T153114Z-seed1001,g5-i16,5,mutation,g4-i17,13,4.597,64.362,10,3,(if (< a b) (* c d) (+ e f)),(if (< a b) (* c d) (+ e f))
results/temperature/T_0.4/car-f-92-20260831T153114Z-seed1001,g5-i17,5,mutation,g4-i2,26,4.111,111.005,10,3,(if (< a d) (+ f g) (* b c)),(if (< a d) (+ f g) (* b c))
results/temperature/T_0.4/car-f-92-20260831T153114Z-seed1001,g5-i18,5,crossover,g4-i2|g4-i2,11,4.519,54.232,10,3,(if (> f g) (+ a b) (* c d)),(if (< g f) (+ a b) (* c d))
results/temperature/T_0.4/car-f-92-20260831T153114Z-seed1001,g5-i19,5,crossover,g4-i2|g4-i2,38,3.167,123.505,10,3,(if (<= a d) (+ f g) (- b c)),(if (<= a d) (+ f g) (- b c))
results/temperature/T_0.4/car-f-92-20260831T153114Z-seed1001,g6-e0,6,elitism,g5-e0,0,4.814,4.814,9,4,(+ (/ (* a b) e) (* f h)),(+ (* f h) (/ (* a b) e))
results/temperature/T_0.4/car-f-92-20260831T153114Z-seed1001,g6-i1,6,crossover,g5-i3|g5-e0,1,4.766,9.533,9,4,(+ (* (/ a e) b) (/ f g)),(+ (* (/ a e) b) (/ f g))
results/temperature/T_0.4/car-f-92-20260831T153114Z-seed1001,g6-i2,6,crossover,g5-i3|g5-e0,50,2.798,142.705,14,4,(if (< (+ a b) c) (* f h) (+ (* d e) g)),(if (< (+ a b) c) (* f h) (+ (* d e) g))
results/temperature/T_0.4/car-f-92-20260831T153114Z-seed1001,g6-i3,6,mutation,g5-i15,25,5.192,134.986,14,4,(if (< a b) (* (+ f c) e) (+ (/ b e) a)),(if (< a b) (* (+ c f) e) (+ (/ b e) a))
results/temperature/T_0.4/car-f-92-20260831T153114Z-seed1001,g6-i4,6,crossover,g5-i3|g5-i9,6,4.878,34.148,16,4,(if (> a d) (* (+ f g) h) (+ (* a c) (/ f g))),(if (< d a) (* (+ f g) h) (+ (* a c) (/ f g)))
results/temperature/T_0.4/car-f-92-20260831T153114Z-seed1001,g6-i5,6,crossover,g5-i3|g5-i9,5,4.647,27.883,9,4,(+ (* (+ f g) h) (/ f g)),(+ (* (+ f g) h) (/ f g))
results/temperature/T_0.4/car-f-92-20260831T153114Z-seed1001,g6-i6,6,crossover,g5-i3|g5-i13,6,4.630,32.410,14,4,(if (< a b) (+ (* c d) e) (+ (* f g) h)),(if (< a b) (+ (* c d) e) (+ (* f g) h))
results/temperature/T_0.4/car-f-92-20260831T153114Z-seed1001,g6-i7,6,mutation,g5-e0,4,4.695,23.476,11,4,(+ (/ (* a b) e) (* f (+ g h))),(+ (* (+ g h) f) (/ (* a b) e))
results/temperature/T_0.4/car-f-92-20260831T153114Z-seed1001,g6-i8,6,crossover,g5-i3|g5-i9,8,4.621,41.585,16,4,(if (> a d) (* (+ f g) h) (+ (* a c) (/ f g))),(if (< d a) (* (+ f g) h) (+ (* a c) (/ f g)))
results/temperature/T_0.4/car-f-92-20260831T153114Z-seed1001,g6-i9,6,crossover,g5-i3|g5-i9,8,4.683,42.146,9,4,(+ (* (+ a b) d) (/ f g)),(+ (* (+ a b) d) (/ f g))
results/temperature/T_0.4/car-f-92-20260831T153114Z-seed1001,g6-i10,6,crossover,g5-i18|g5-i7,5,4.828,28.970,14,4,(if (< e g) (* (+ a b) c) (+ (* f h) d)),(if (< e g) (* (+ a b) c) (+ (* f h) d))
results/temperature/T_0.4/car-f-92-20260831T153114Z-seed1001,g6-i11,6,crossover,g5-i18|g5-i7,0,4.681,4.681,11,4,(+ (/ (+ a b) e) (* c (/ f g))),(+ (* (/ f g) c) (/ (+ a b) e))
results/temperature/T_0.4/car-f-92-20260831T153114Z-seed1001,g6-i12,6,crossover,g5-e0|g5-i1,9,5.086,50.855,14,4,(if (< e h) (+ (* a b) f) (* (+ a b) g)),(if (< e h) (+ (* a b) f) (* (+ a b) g))
results/temperature/T_0.4/car-f-92-20260831T153114Z-seed1001,g6-i13,6,crossover,g5-e0|g5-i1,2,4.845,14.535,9,4,(+ (* (/ a e) b) (- f g)),(+ (* (/ a e) b) (- f g))
results/temperature/T_0.4/car-f-92-20260831T153114Z-seed1001,g6-i14,6,mutation,g5-i9,4,5.098,25.492,14,4,(if (> a d) (* (+ f g) h) (+ f (* g h))),(if (< d a) (* (+ f g) h) (+ (* g h) f))
results/temperature/T_0.4/car-f-92-20260831T153114Z-seed1001,g6-i15,6,crossover,g5-e0|g5-i11,5,4.859,29.153,7,3,(+ (* a f) (/ b e)),(+ (* a f) (/ b e))
results/temperature/T_0.4/car-f-92-20260831T153114Z-seed1001,g6-i16,6,crossover,g5-e0|g5-i11,33,3.866,131.452,9,4,(+ (/ (* c f) h) (* a e)),(+ (* a e) (/ (* c f) h))
results/temperature/T_0.4/car-f-92-20260831T153114Z-seed1001,g6-i17,6,crossover,g5-e0|g5-i3,2,4.575,13.726,7,3,(+ (* a f) (/ b e)),(+ (* a f) (/ b e))
results/temperature/T_0.4/car-f-92-20260831T153114Z-seed1001,g6-i18,6,crossover,g5-e0|g5-i3,9,4.520,45.205,12,4,(if (< c g) (* a h) (+ f (/ d e))),(if (< c g) (* a h) (+ (/ d e) f))
results/temperature/T_0.4/car-f-92-20260831T153114Z-seed1001,g6-i19,6,mutation,g5-i10,11,4.849,58.184,14,4,(if (< e h) (+ (* a b) (* c d)) (- f g)),(if (< e h) (+ (* a b) (* c d)) (- f g))
results/temperature/T_0.4/car-f-92-20260831T153114Z-seed1001,g7-e0,7,elitism,g6-i11,0,4.681,4.681,11,4,(+ (/ (+ a b) e) (* c (/ f g))),(+ (* (/ f g) c) (/ (+ a b) e))
results/temperature/T_0.4/car-f-92-20260831T153114Z-seed1001,g7-i1,7,crossover,g6-i5|g6-i15,5,4.960,29.759,9,4,(+ (* (+ e f) g) (/ h a)),(+ (* (+ e f) g) (/ h a))
results/temperature/T_0.4/car-f-92-20260831T153114Z-seed1001,g7-i2,7,crossover,g6-i5|g6-i15,11,4.357,52.281,9,4,(+ (* (+ b c) d) (/ f g)),(+ (* (+ b c) d) (/ f g))
results/temperature/T_0.4/car-f-92-20260831T153114Z-seed1001,g7-i3,7,crossover,g6-e0|g6-i1,0,4.798,4.798,9,4,(+ (* (/ b e) a) (/ f g)),(+ (* (/ b e) a) (/ f g))
results/temperature/T_0.4/car-f-92-20260831T153114Z-seed1001,g7-i4,7,crossover,g6-e0|g6-i1,6,4.710,32.970,9,4,(+ (/ (* c d) e) (* f g)),(+ (* f g) (/ (* c d) e))
results/temperature/T_0.4/car-f-92-20260831T153114Z-seed1001,g7-i5,7,crossover,g6-i11|g6-i15,1,4.834,9.667,9,4,(+ (* a (/ b e)) (/ c g)),(+ (* (/ b e) a) (/ c g))
results/temperature/T_0.4/car-f-92-20260831T153114Z-seed1001,g7-i6,7,crossover,g6-i11|g6-i15,9,4.902,49.023,10,3,(if (< f g) (+ a b) (* c d)),(if (< f g) (+ a b) (* c d))
results/temperature/T_0.4/car-f-92-20260831T153114Z-seed1001,g7-i7,7,mutation,g6-e0,5,4.664,27.984,14,4,(if (< a e) (* (+ a b) f) (+ (* c d) h)),(if (< a e) (* (+ a b) f) (+ (* c d) h))
results/temperature/T_0.4/car-f-92-20260831T153114Z-seed1001,g7-i8,7,mutation,g6-i13,6,4.903,34.324,12,4,(if (< a e) (* (+ b c) d) (+ f g)),(if (< a e) (* (+ b c) d) (+ f g))
results/temperature/T_0.4/car-f-92-20260831T153114Z-seed1001,g7-i9,7,crossover,g6-i17|g6-i5,0,4.907,4.907,9,4,(+ (* (+ a b) f) (/ g e)),(+ (* (+ a b) f) (/ g e))
results/temperature/T_0.4/car-f-92-20260831T153114Z-seed1001,g7-i10,7,mutation,g6-e0,10,4.540,49.943,14,4,(if (< a e) (* (+ a b) f) (+ (* c d) h)),(if (< a e) (* (+ a b) f) (+ (* c d) h))
results/temperature/T_0.4/car-f-92-20260831T153114Z-seed1001,g7-i11,7,crossover,g6-i14|g6-i9,4,4.583,22.917,14,4,(if (< a d) (+ (* f g) h) (* f (+ g h))),(if (< a d) (+ (* f g) h) (* (+ g h) f))
results/temperature/T_0.4/car-f-92-20260831T153114Z-seed1001,g7-i12,7,crossover,g6-i14|g6-i9,13,4.684,65.582,9,4,(+ (* (+ a b) f) (/ g d)),(+ (* (+ a b) f) (/ g d))
results/temperature/T_0.4/car-f-92-20260831T153114Z-seed1001,g7-i13,7,crossover,g6-e0|g6-i11,1,5.238,10.477,11,4,(+ (/ (* b c) e) (+ f (/ g h))),(+ (+ (/ g h) f) (/ (* b c) e))
results/temperature/T_0.4/car-f-92-20260831T153114Z-seed1001,g7-i14,7,crossover,g6-e0|g6-i11,0,4.757,4.757,11,4,(+ (/ (+ a f) e) (* c (/ b g))),(+ (* (/ b g) c) (/ (+ a f) e))
results/temperature/T_0.4/car-f-92-20260831T153114Z-seed1001,g7-i15,7,crossover,g6-i14|g6-i1,10,4.565,50.215,16,4,(if (< b c) (+ (* f g) h) (* (/ a e) (+ f g))),(if (< b c) (+ (* f g) h) (* (+ f g) (/ a e)))
results/temperature/T_0.4/car-f-92-20260831T153114Z-seed1001,g7-i16,7,crossover,g6-i14|g6-i1,0,4.770,4.770,11,4,(+ (* (+ a d) (/ f g)) (- h e)),(+ (* (+ a d) (/ f g)) (- h e))
results/temperature/T_0.4/car-f-92-20260831T153114Z-seed1001,g7-i17,7,mutation,g6-e0,13,4.361,61.048,14,4,(if (< a e) (* (+ a b) f) (+ (* c d) h)),(if (< a e) (* (+ a b) f) (+ (* c d) h))
results/temperature/T_0.4/car-f-92-20260831T153114Z-seed1001,g7-i18,7,crossover,g6-i5|g6-i14,4,4.448,22.242,12,4,(if (> f h) (+ (* f g) h) (/ f g)),(if (< h f) (+ (* f g) h) (/ f g))
results/temperature/T_0.4/car-f-92-20260831T153114Z-seed1001,g7-i19,7,crossover,g6-i5|g6-i14,7,4.273,34.181,12,4,(+ (* (+ f g) h) (if (< a d) f g)),(+ (* (+ f g) h) (if (< a d) f g))
results/temperature/T_0.4/car-f-92-20260831T153114Z-seed1001,g8-e0,8,elitism,g7-e0,0,4.681,4.681,11,4,(+ (/ (+ a b) e) (* c (/ f g))),(+ (* (/ f g) c) (/ (+ a b) e))
results/temperature/T_0.4/car-f-92-20260831T153114Z-seed1001,g8-i1,8,crossover,g7-i11|g7-e0,12,4.588,59.644,14,4,(if (> f g) (* (+ a b) e) (+ (* c d) h)),(if (< g f) (* (+ a b) e) (+ (* c d) h))
results/temperature/T_0.4/car-f-92-20260831T153114Z-seed1001,g8-i2,8,crossover,g7-i11|g7-e0,1,4.996,9.992,13,4,(+ (* (/ a e) (+ f g)) (- h (/ b c))),(+ (* (+ f g) (/ a e)) (- h (/ b c)))
results/temperature/T_0.4/car-f-92-20260831T153114Z-seed1001,g8-i3,8,mutation,g7-i16,0,4.980,4.980,16,4,(if (< (+ a d) f) (* (+ a d) (/ f g)) (- h e)),(if (< (+ a d) f) (* (+ a d) (/ f g)) (- h e))
results/temperature/T_0.4/car-f-92-20260831T153114Z-seed1001,g8-i4,8,crossover,g7-i14|g7-e0,0,4.691,4.691,11,4,(+ (/ (+ a c) e) (* b (/ f g))),(+ (* (/ f g) b) (/ (+ a c) e))
results/temperature/T_0.4/car-f-92-20260831T153114Z-seed1001,g8-i5,8,crossover,g7-i14|g7-e0,0,4.968,4.968,11,4,(+ (/ (+ b f) e) (* a (/ c g))),(+ (* (/ c g) a) (/ (+ b f) e))
results/temperature/T_0.4/car-f-92-20260831T153114Z-seed1001,g8-i6,8,mutation,g7-i13,32,4.459,147.139,12,4,(if (< a e) (* b c) (+ f (/ g h))),(if (< a e) (* b c) (+ (/ g h) f))
results/temperature/T_0.4/car-f-92-20260831T153114Z-seed1001,g8-i7,8,crossover,g7-i18|g7-i7,37,3.463,131.602,14,4,(if (< f h) (+ (* a f) g) (/ (+ b c) d)),(if (< f h) (+ (* a f) g) (/ (+ b c) d))
results/temperature/T_0.4/car-f-92-20260831T153114Z-seed1001,g8-i8,8,crossover,g7-i18|g7-i7,12,4.626,60.132,14,4,(if (> a e) (* (+ f g) h) (+ (* c d) e)),(if (< e a) (* (+ f g) h) (+ (* c d) e))
results/temperature/T_0.4/car-f-92-20260831T153114Z-seed1001,g8-i9,8,crossover,g7-i9|g7-e0,5,5.047,30.279,7,3,(+ (* a f) (/ g e)),(+ (* a f) (/ g e))
results/temperature/T_0.4/car-f-92-20260831T153114Z-seed1001,g8-i10,8,crossover,g7-i9|g7-e0,4,4.799,23.997,7,3,(+ (/ b e) (* c f)),(+ (* c f) (/ b e))
results/temperature/T_0.4/car-f-92-20260831T153114Z-seed1001,g8-i11,8,mutation,g7-i9,2,5.262,15.785,12,4,(if (< a b) (* (+ a b) f) (/ g e)),(if (< a b) (* (+ a b) f) (/ g e))
results/temperature/T_0.4/car-f-92-20260831T153114Z-seed1001,g8-i12,8,crossover,g7-i11|g7-i14,21,4.397,96.738,14,4,(if (> f g) (* (+ a b) e) (+ (/ c h) d)),(if (< g f) (* (+ a b) e) (+ (/ c h) d))
results/temperature/T_0.4/car-f-92-20260831T153114Z-seed1001,g8-i13,8,mutation,g7-i18,7,4.747,37.973,16,4,(if (> (+ f b) h) (* (+ f b) g) (/ (+ f b) g)),(if (< h (+ b f)) (* (+ b f) g) (/ (+ b f) g))
results/temperature/T_0.4/car-f-92-20260831T153114Z-seed1001,g8-i14,8,crossover,g7-e0|g7-i19,5,4.776,28.656,12,4,(+ (* a (+ b c)) (if (> e f) g h)),(+ (* (+ b c) a) (if (< f e) g h))
results/temperature/T_0.4/car-f-92-20260831T153114Z-seed1001,g8-i15,8,crossover,g7-e0|g7-i19,48,2.494,122.206,11,4,(+ (/ (+ d e) f) (* g (/ h a))),(+ (* (/ h a) g) (/ (+ d e) f))
results/temperature/T_0.4/car-f-92-20260831T153114Z-seed1001,g8-i16,8,crossover,g7-i13|g7-e0,0,5.262,5.262,11,4,(+ (/ (* c f) e) (+ b (/ g h))),(+ (+ (/ g h) b) (/ (* c f) e))
results/temperature/T_0.4/car-f-92-20260831T153114Z-seed1001,g8-i17,8,crossover,g7-i13|g7-e0,0,4.882,4.882,11,4,(+ (/ (+ a c) e) (* b (/ f g))),(+ (* (/ f g) b) (/ (+ a c) e))
results/temperature/T_0.4/car-f-92-20260831T153114Z-seed1001,g8-i18,8,crossover,g7-i14|g7-e0,0,4.835,4.835,11,4,(+ (/ (+ a c) e) (* b (/ f g))),(+ (* (/ f g) b) (/ (+ a c) e))
results/temperature/T_0.4/car-f-92-20260831T153114Z-seed1001,g8-i19,8,crossover,g7-i14|g7-e0,0,5.436,5.436,11,4,(+ (/ (+ b f) e) (* a (/ c g))),(+ (* (/ c g) a) (/ (+ b f) e))
results/temperature/T_0.4/car-f-92-20260831T153114Z-seed1001,g9-e0,9,elitism,g8-e0,0,4.681,4.681,11,4,(+ (/ (+ a b) e) (* c (/ f g))),(+ (* (/ f g) c) (/ (+ a b) e))
results/temperature/T_0.4/car-f-92-20260831T153114Z-seed1001,g9-i1,9,crossover,g8-i19|g8-i4,0,4.761,4.761,11,4,(+ (/ (+ a f) e) (* b (/ c g))),(+ (* (/ c g) b) (/ (+ a f) e))
results/temperature/T_0.4/car-f-92-20260831T153114Z-seed1001,g9-i2,9,crossover,g8-i19|g8-i4,0,5.052,5.052,11,4,(+ (/ (+ b c) e) (* a (/ f g))),(+ (* (/ f g) a) (/ (+ b c) e))
results/temperature/T_0.4/car-f-92-20260831T153114Z-seed1001,g9-i3,9,mutation,g8-i11,17,4.839,87.098,12,4,(if (> a b) (+ (* f g) e) (/ h d)),(if (< b a) (+ (* f g) e) (/ h d))
results/temperature/T_0.4/car-f-92-20260831T153114Z-seed1001,g9-i4,9,crossover,g8-i16|g8-i5,0,4.868,4.868,11,4,(+ (/ (* b f) e) (+ c (/ g h))),(+ (+ (/ g h) c) (/ (* b f) e))
results/temperature/T_0.4/car-f-92-20260831T153114Z-seed1001,g9-i5,9,crossover,g8-i16|g8-i5,0,5.126,5.126,11,4,(+ (/ (+ c f) e) (* a (/ b g))),(+ (* (/ b g) a) (/ (+ c f) e))
results/temperature/T_0.4/car-f-92-20260831T153114Z-seed1001,g9-i6,9,crossover,g8-i16|g8-i17,11,5.205,62.465,11,4,(+ (/ (* c f) e) (* b (/ g h))),(+ (* (/ g h) b) (/ (* c f) e))
results/temperature/T_0.4/car-f-92-20260831T153114Z-seed1001,g9-i7,9,crossover,g8-i16|g8-i17,0,5.150,5.150,11,4,(+ (/ (+ a c) e) (+ b (/ f g))),(+ (+ (/ f g) b) (/ (+ a c) e))
results/temperature/T_0.4/car-f-92-20260831T153114Z-seed1001,g9-i8,9,mutation,g8-e0,8,5.009,45.081,18,4,(if (< a e) (+ (* b c) (/ f g)) (+ (* a b) (/ c d))),(if (< a e) (+ (* b c) (/ f g)) (+ (* a b) (/ c d)))
results/temperature/T_0.4/car-f-92-20260831T153114Z-seed1001,g9-i9,9,mutation,g8-i3,5,4.774,28.641,16,4,(if (> (+ a d) f) (* (+ a d) (/ f g)) (+ h e)),(if (< f (+ a d)) (* (+ a d) (/ f g)) (+ e h))
results/temperature/T_0.4/car-f-92-20260831T153114Z-seed1001,g9-i10,9,mutation,g8-i16,25,4.327,112.496,14,4,(if (< a b) (* c (+ e f)) (+ (/ g h) d)),(if (< a b) (* (+ e f) c) (+ (/ g h) d))
results/temperature/T_0.4/car-f-92-20260831T153114Z-seed1001,g9-i11,9,crossover,g8-i3|g8-i5,9,4.815,48.148,16,4,(if (> (* b c) e) (+ (/ b g) f) (- h (+ a d))),(if (< e (* b c)) (+ (/ b g) f) (- h (+ a d)))
results/temperature/T_0.4/car-f-92-20260831T153114Z-seed1001,g9-i12,9,crossover,g8-i5|g8-i2,23,3.436,82.463,18,4,(+ (if (< a b) (* e f) (+ g h)) (/ (+ c d) (- e f))),(+ (/ (+ c d) (- e f)) (if (< a b) (* e f) (+ g h)))
results/temperature/T_0.4/car-f-92-20260831T153114Z-seed1001,g9-i13,9,crossover,g8-i5|g8-i2,11,4.647,55.761,18,4,(+ (if (> h g) (+ a b) (* c d)) (- (/ f e) (+ a b))),(+ (- (/ f e) (+ a b)) (if (< g h) (+ a b) (* c d)))
results/temperature/T_0.4/car-f-92-20260831T153114Z-seed1001,g9-i14,9,crossover,g8-i3|g8-i17,54,2.232,122.768,16,4,(if (< (* a d) f) (+ (/ a g) e) (- h (/ f b))),(if (< (* a d) f) (+ (/ a g) e) (- h (/ f b)))
results/temperature/T_0.4/car-f-92-20260831T153114Z-seed1001,g9-i15,9,crossover,g8-i3|g8-i17,39,3.751,150.026,9,4,(+ (* (+ a b) e) (/ c g)),(+ (* (+ a b) e) (/ c g))
results/temperature/T_0.4/car-f-92-20260831T153114Z-seed1001,g9-i16,9,crossover,g8-i17|g8-i4,1,5.111,10.223,11,4,(+ (* a (/ b e)) (+ c (/ f g))),(+ (* (/ b e) a) (+ (/ f g) c))
results/temperature/T_0.4/car-f-92-20260831T153114Z-seed1001,g9-i17,9,crossover,g8-i17|g8-i4,13,4.726,66.168,14,4,(if (< a b) (+ d (* e f)) (- g (/ h c))),(if (< a b) (+ (* e f) d) (- g (/ h c)))
results/temperature/T_0.4/car-f-92-20260831T153114Z-seed1001,g9-i18,9,crossover,g8-i10|g8-e0,7,4.987,39.897,9,4,(+ (/ (+ a b) e) (* c f)),(+ (* c f) (/ (+ a b) e))
results/temperature/T_0.4/car-f-92-20260831T153114Z-seed1001,g9-i19,9,crossover,g8-i10|g8-e0,0,4.916,4.916,9,4,(+ (/ b e) (* c (/ f g))),(+ (* (/ f g) c) (/ b e))
results/temperature/T_0.6/car-f-92-20260831T162127Z-seed1001,init-i0,-1,initial,,9,4.444,44.439,7,4,(+ a (+ b (* c d))),(+ (+ (* c d) b) a)
results/temperature/T_0.6/car-f-92-20260831T162127Z-seed1001,init-i1,-1,initial,,35,3.522,126.783,10,3,(if (< e f) (* g h) (+ a b)),(if (< e f) (* g h) (+ a b))
results/temperature/T_0.6/car-f-92-20260831T162127Z-seed1001,init-i2,-1,initial,,56,1.922,109.531,7,3,(* (+ d e) (- f g)),(* (+ d e) (- f g))
results/temperature/T_0.6/car-f-92-20260831T162127Z-seed1001,init-i3,-1,initial,,6,4.522,31.651,10,4,(+ (+ a b) (if (> c h) d e)),(+ (+ a b) (if (< h c) d e))
results/temperature/T_0.6/car-f-92-20260831T162127Z-seed1001,init-i4,-1,initial,,9,4.761,47.605,3,2,(+ a b),(+ a b)
results/temperature/T_0.6/car-f-92-20260831T162127Z-seed1001,init-i5,-1,initial,,8,4.555,40.993,10,3,(if (< e h) (* c d) (+ f g)),(if (< e h) (* c d) (+ f g))
results/temperature/T_0.6/car-f-92-20260831T162127Z-seed1001,init-i6,-1,initial,,51,2.394,124.479,7,3,(* (+ a b) (- c d)),(* (+ a b) (- c d))
results/temperature/T_0.6/car-f-92-20260831T162127Z-seed1001,init-i7,-1,initial,,11,4.740,56.881,7,3,(+ (* a b) (/ c d)),(+ (* a b) (/ c d))
results/temperature/T_0.6/car-f-92-20260831T162127Z-seed1001,init-i8,-1,initial,,10,4.634,50.975,5,3,(+ a (+ b c)),(+ (+ b c) a)
results/temperature/T_0.6/car-f-92-20260831T162127Z-seed1001,init-i9,-1,initial,,5,4.545,27.270,10,3,(if (< e h) (* f g) (+ d e)),(if (< e h) (* f g) (+ d e))
results/temperature/T_0.6/car-f-92-20260831T162127Z-seed1001,init-i10,-1,initial,,52,2.074,109.936,7,3,(* (+ a b) (- c d)),(* (+ a b) (- c d))
results/temperature/T_0.6/car-f-92-20260831T162127Z-seed1001,init-i11,-1,initial,,9,4.646,46.457,7,3,(+ (+ e f) (* g h)),(+ (* g h) (+ e f))
results/temperature/T_0.6/car-f-92-20260831T162127Z-seed1001,init-i12,-1,initial,,10,4.736,52.091,3,2,(+ a b),(+ a b)
results/temperature/T_0.6/car-f-92-20260831T162127Z-seed1001,init-i13,-1,initial,,15,4.456,71.292,10,3,(if (< e h) (* c d) (+ f g)),(if (< e h) (* c d) (+ f g))
results/temperature/T_0.6/car-f-92-20260831T162127Z-seed1001,init-i14,-1,initial,,56,1.831,104.366,7,3,(* (+ a b) (- c d)),(* (+ a b) (- c d))
results/temperature/T_0.6/car-f-92-20260831T162127Z-seed1001,init-i15,-1,initial,,8,4.646,41.816,7,3,(+ (* a b) (/ f g)),(+ (* a b) (/ f g))
results/temperature/T_0.6/car-f-92-20260831T162127Z-seed1001,init-i16,-1,initial,,10,4.693,51.626,7,3,(* (+ a b) (+ c d)),(* (+ a b) (+ c d))
results/temperature/T_0.6/car-f-92-20260831T162127Z-seed1001,init-i17,-1,initial,,45,2.904,133.575,7,3,(+ (* e f) (- g h)),(+ (* e f) (- g h))
results/temperature/T_0.6/car-f-92-20260831T162127Z-seed1001,init-i18,-1,initial,,56,2.872,163.709,10,3,(if (< a b) (+ c d) (* e f)),(if (< a b) (+ c d) (* e f))
results/temperature/T_0.6/car-f-92-20260831T162127Z-seed1001,init-i19,-1,initial,,53,2.309,124.664,7,3,(- (+ a b) (* c d)),(- (+ a b) (* c d))
results/temperature/T_0.6/car-f-92-20260831T162127Z-seed1001,g0-e0,0,elitism,init-i9,5,4.545,27.270,10,3,(if (< e h) (* f g) (+ d e)),(if (< e h) (* f g) (+ d e))
results/temperature/T_0.6/car-f-92-20260831T162127Z-seed1001,g0-i1,0,crossover,init-i5|init-i3,40,3.342,137.012,12,4,(if (> f h) (+ (* e g) c) (+ a b)),(if (< h f) (+ (* e g) c) (+ a b))
results/temperature/T_0.6/car-f-92-20260831T162127Z-seed1001,g0-i2,0,crossover,init-i5|init-i3,35,4.190,150.843,12,4,(+ (if (< a d) (* b e) (+ c f)) g),(+ (if (< a d) (* b e) (+ c f)) g)
results/temperature/T_0.6/car-f-92-20260831T162127Z-seed1001,g0-i3,0,crossover,init-i4|init-i6,7,4.595,36.762,10,3,(if (< e f) (* a b) (+ c d)),(if (< e f) (* a b) (+ c d))
results/temperature/T_0.6/car-f-92-20260831T162127Z-seed1001,g0-i4,0,crossover,init-i3|init-i7,6,4.605,32.237,10,4,(+ (* a b) (if (> c h) d e)),(+ (* a b) (if (< h c) d e))
results/temperature/T_0.6/car-f-92-20260831T162127Z-seed1001,g0-i5,0,crossover,init-i3|init-i7,4,4.980,24.899,7,3,(+ (+ a b) (/ c d)),(+ (+ a b) (/ c d))
results/temperature/T_0.6/car-f-92-20260831T162127Z-seed1001,g0-i6,0,crossover,init-i3|init-i15,8,4.597,41.369,10,4,(+ (* a b) (if (> c h) d e)),(+ (* a b) (if (< h c) d e))
results/temperature/T_0.6/car-f-92-20260831T162127Z-seed1001,g0-i7,0,crossover,init-i3|init-i15,4,4.652,23.262,7,3,(+ (+ a b) (/ f g)),(+ (+ a b) (/ f g))
results/temperature/T_0.6/car-f-92-20260831T162127Z-seed1001,g0-i8,0,crossover,init-i15|init-i15,8,4.647,41.824,9,4,(+ (* a (+ b c)) (/ f g)),(+ (* (+ b c) a) (/ f g))
results/temperature/T_0.6/car-f-92-20260831T162127Z-seed1001,g0-i9,0,crossover,init-i15|init-i15,25,4.332,112.637,12,4,(if (< a b) (+ (* f g) h) (/ f g)),(if (< a b) (+ (* f g) h) (/ f g))
results/temperature/T_0.6/car-f-92-20260831T162127Z-seed1001,g0-i10,0,mutation,init-i9,8,4.898,44.086,12,4,(if (< e h) (* f g) (+ d (* e f))),(if (< e h) (* f g) (+ (* e f) d))
results/temperature/T_0.6/car-f-92-20260831T162127Z-seed1001,g0-i11,0,mutation,init-i9,6,4.564,31.946,12,4,(if (< e h) (* f g) (+ d (* e f))),(if (< e h) (* f g) (+ (* e f) d))
results/temperature/T_0.6/car-f-92-20260831T162127Z-seed1001,g0-i12,0,mutation,init-i3,34,3.645,127.584,12,4,(+ (+ a b) (if (> c h) (* d e) e)),(+ (+ a b) (if (< h c) (* d e) e))
results/temperature/T_0.6/car-f-92-20260831T162127Z-seed1001,g0-i13,0,crossover,init-i3|init-i16,13,4.558,63.813,10,4,(+ (* a b) (if (> c h) d e)),(+ (* a b) (if (< h c) d e))
results/temperature/T_0.6/car-f-92-20260831T162127Z-seed1001,g0-i14,0,crossover,init-i3|init-i16,6,4.836,33.853,7,3,(+ (+ a b) (* c d)),(+ (* c d) (+ a b))
results/temperature/T_0.6/car-f-92-20260831T162127Z-seed1001,g0-i15,0,crossover,init-i7|init-i4,7,4.483,35.863,7,3,(+ (/ a b) (* c d)),(+ (* c d) (/ a b))
results/temperature/T_0.6/car-f-92-20260831T162127Z-seed1001,g0-i16,0,crossover,init-i7|init-i4,31,4.375,139.998,10,3,(if (< e f) (+ a b) (* c d)),(if (< e f) (+ a b) (* c d))
results/temperature/T_0.6/car-f-92-20260831T162127Z-seed1001,g0-i17,0,mutation,init-i3,29,4.249,127.465,12,4,(+ (+ a b) (if (> c h) (* d e) e)),(+ (+ a b) (if (< h c) (* d e) e))
results/temperature/T_0.6/car-f-92-20260831T162127Z-seed1001,g0-i18,0,crossover,init-i5|init-i15,13,4.091,57.278,12,4,(if (> f g) (+ (* e h) c) (- d b)),(if (< g f) (+ (* e h) c) (- d b))
results/temperature/T_0.6/car-f-92-20260831T162127Z-seed1001,g0-i19,0,crossover,init-i5|init-i15,3,4.541,18.165,9,4,(+ (/ (+ a b) c) (* f g)),(+ (* f g) (/ (+ a b) c))
results/temperature/T_0.6/car-f-92-20260831T162127Z-seed1001,g1-e0,1,elitism,g0-i19,3,4.541,18.165,9,4,(+ (/ (+ a b) c) (* f g)),(+ (* f g) (/ (+ a b) c))
results/temperature/T_0.6/car-f-92-20260831T162127Z-seed1001,g1-i1,1,crossover,g0-i11|g0-e0,2,4.742,14.225,16,4,(if (< e h) (+ (* f g) (* d e)) (+ d (* e f))),(if (< e h) (+ (* d e) (* f g)) (+ (* e f) d))
results/temperature/T_0.6/car-f-92-20260831T162127Z-seed1001,g1-i2,1,crossover,g0-i11|g0-e0,9,4.255,42.550,14,4,(if (< e h) (* (+ f d) g) (+ d (* e f))),(if (< e h) (* (+ d f) g) (+ (* e f) d))
results/temperature/T_0.6/car-f-92-20260831T162127Z-seed1001,g1-i3,1,crossover,g0-i6|g0-i19,5,5.105,30.630,12,4,(+ (* (+ a b) c) (if (< e f) d g)),(+ (* (+ a b) c) (if (< e f) d g))
results/temperature/T_0.6/car-f-92-20260831T162127Z-seed1001,g1-i4,1,crossover,g0-i6|g0-i19,13,4.590,64.256,18,4,(+ (/ (* a f) (+ b c)) (if (> h e) (* d g) (+ e f))),(+ (/ (* a f) (+ b c)) (if (< e h) (* d g) (+ e f)))
results/temperature/T_0.6/car-f-92-20260831T162127Z-seed1001,g1-i5,1,crossover,g0-e0|g0-i14,1,4.985,9.971,10,3,(if (< e h) (+ f g) (* d e)),(if (< e h) (+ f g) (* d e))
results/temperature/T_0.6/car-f-92-20260831T162127Z-seed1001,g1-i6,1,crossover,g0-e0|g0-i14,11,4.885,58.624,7,3,(+ (* a b) (+ c d)),(+ (* a b) (+ c d))
results/temperature/T_0.6/car-f-92-20260831T162127Z-seed1001,g1-i7,1,mutation,g0-i5,7,4.793,38.343,18,4,(if (< e f) (+ (* a b) (/ c d)) (+ (+ a b) (/ c d))),(if (< e f) (+ (* a b) (/ c d)) (+ (+ a b) (/ c d)))
results/temperature/T_0.6/car-f-92-20260831T162127Z-seed1001,g1-i8,1,crossover,g0-i18|g0-i5,5,4.692,28.154,12,4,(if (< e g) (* (+ a b) c) (+ d f)),(if (< e g) (* (+ a b) c) (+ d f))
results/temperature/T_0.6/car-f-92-20260831T162127Z-seed1001,g1-i9,1,crossover,g0-i18|g0-i5,0,5.146,5.146,9,4,(+ (- h g) (/ (+ f b) e)),(+ (- h g) (/ (+ b f) e))
results/temperature/T_0.6/car-f-92-20260831T162127Z-seed1001,g1-i10,1,mutation,g0-i19,18,4.443,84.416,14,4,(if (< a b) (+ (* c d) e) (+ (/ f g) h)),(if (< a b) (+ (* c d) e) (+ (/ f g) h))
results/temperature/T_0.6/car-f-92-20260831T162127Z-seed1001,g1-i11,1,mutation,g0-i18,10,4.475,49.226,12,4,(if (< f g) (* (+ e c) d) (+ b h)),(if (< f g) (* (+ c e) d) (+ b h))
results/temperature/T_0.6/car-f-92-20260831T162127Z-seed1001,g1-i12,1,crossover,g0-i5|g0-i3,40,4.046,165.870,14,4,(if (> e f) (+ (* a b) c) (/ d (+ e f))),(if (< f e) (+ (* a b) c) (/ d (+ e f)))
results/temperature/T_0.6/car-f-92-20260831T162127Z-seed1001,g1-i13,1,crossover,g0-i7|g0-i10,39,3.155,126.217,14,4,(if (> e h) (+ (* a b) f) (+ c (* d e))),(if (< h e) (+ (* a b) f) (+ (* d e) c))
results/temperature/T_0.6/car-f-92-20260831T162127Z-seed1001,g1-i14,1,crossover,g0-i7|g0-i10,3,4.942,19.770,9,4,(+ (+ (* a f) b) (/ g h)),(+ (+ (* a f) b) (/ g h))
results/temperature/T_0.6/car-f-92-20260831T162127Z-seed1001,g1-i15,1,mutation,g0-i19,13,4.960,69.443,18,4,(if (< e h) (+ (* a b) (/ c d)) (+ (* f g) (/ a b))),(if (< e h) (+ (* a b) (/ c d)) (+ (* f g) (/ a b)))
results/temperature/T_0.6/car-f-92-20260831T162127Z-seed1001,g1-i16,1,crossover,g0-i19|g0-i6,11,5.144,61.726,12,4,(+ (* a b) (if (> c h) d (+ f g))),(+ (* a b) (if (< h c) d (+ f g)))
results/temperature/T_0.6/car-f-92-20260831T162127Z-seed1001,g1-i17,1,crossover,g0-i19|g0-i6,10,4.679,51.472,14,4,(+ (/ (+ a b) c) (if (<= c h) e (* f g))),(+ (/ (+ a b) c) (if (<= c h) e (* f g)))
results/temperature/T_0.6/car-f-92-20260831T162127Z-seed1001,g1-i18,1,crossover,g0-i15|g0-i5,7,4.626,37.012,7,3,(+ (* a b) (/ c d)),(+ (* a b) (/ c d))
results/temperature/T_0.6/car-f-92-20260831T162127Z-seed1001,g1-i19,1,crossover,g0-i15|g0-i5,42,3.497,150.361,10,3,(if (< a b) (+ c d) (* e f)),(if (< a b) (+ c d) (* e f))
results/temperature/T_0.6/car-f-92-20260831T162127Z-seed1001,g2-e0,2,elitism,g1-i9,0,5.146,5.146,9,4,(+ (- h g) (/ (+ f b) e)),(+ (- h g) (/ (+ b f) e))
results/temperature/T_0.6/car-f-92-20260831T162127Z-seed1001,g2-i1,2,mutation,g1-i3,23,3.276,78.624,8,3,(if (> c d) (+ e f) g),(if (< d c) (+ e f) g)
results/temperature/T_0.6/car-f-92-20260831T162127Z-seed1001,g2-i2,2,crossover,g1-i14|g1-e0,6,4.747,33.231,9,4,(+ (* a (+ b f)) (/ g h)),(+ (* (+ b f) a) (/ g h))
results/temperature/T_0.6/car-f-92-20260831T162127Z-seed1001,g2-i3,2,crossover,g1-i1|g1-i15,3,4.681,18.723,18,4,(if (< e h) (+ (* f g) (* d e)) (+ (* a b) (/ c d))),(if (< e h) (+ (* d e) (* f g)) (+ (* a b) (/ c d)))
results/temperature/T_0.6/car-f-92-20260831T162127Z-seed1001,g2-i4,2,crossover,g1-i1|g1-i15,9,4.928,49.285,18,4,(if (> e h) (+ (* f g) (* d e)) (+ (* f g) (/ a b))),(if (< h e) (+ (* d e) (* f g)) (+ (* f g) (/ a b)))
results/temperature/T_0.6/car-f-92-20260831T162127Z-seed1001,g2-i5,2,crossover,g1-i1|g1-i14,9,4.529,45.295,14,4,(if (> f g) (* (+ a b) e) (+ (* c d) h)),(if (< g f) (* (+ a b) e) (+ (* c d) h))
results/temperature/T_0.6/car-f-92-20260831T162127Z-seed1001,g2-i6,2,crossover,g1-i1|g1-i14,45,3.086,141.958,16,4,(+ (if (< a b) (* e f) (+ g h)) (* d (/ e h))),(+ (* (/ e h) d) (if (< a b) (* e f) (+ g h)))
results/temperature/T_0.6/car-f-92-20260831T162127Z-seed1001,g2-i7,2,crossover,g1-i7|g1-e0,10,4.830,53.128,18,4,(if (> e f) (* (+ a b) (/ c d)) (+ (* a b) (/ c d))),(if (< f e) (* (+ a b) (/ c d)) (+ (* a b) (/ c d)))
results/temperature/T_0.6/car-f-92-20260831T162127Z-seed1001,g2-i8,2,crossover,g1-i7|g1-e0,8,4.447,40.021,9,4,(+ (* (/ a b) c) (- f g)),(+ (* (/ a b) c) (- f g))
results/temperature/T_0.6/car-f-92-20260831T162127Z-seed1001,g2-i9,2,crossover,g1-i5|g1-i1,8,4.621,41.590,16,4,(if (< e h) (+ (* f g) (* d e)) (* d (+ f e))),(if (< e h) (+ (* d e) (* f g)) (* (+ e f) d))
results/temperature/T_0.6/car-f-92-20260831T162127Z-seed1001,g2-i10,2,crossover,g1-i5|g1-i1,45,2.691,123.780,14,4,(if (> e h) (* (+ f g) d) (+ (* e f) g)),(if (< h e) (* (+ f g) d) (+ (* e f) g))
results/temperature/T_0.6/car-f-92-20260831T162127Z-seed1001,g2-i11,2,mutation,g1-e0,20,5.147,108.084,14,4,(if (< a b) (* (+ a b) c) (+ (/ f g) h)),(if (< a b) (* (+ a b) c) (+ (/ f g) h))
results/temperature/T_0.6/car-f-92-20260831T162127Z-seed1001,g2-i12,2,crossover,g1-i14|g1-i14,6,4.727,33.088,9,4,(+ (+ (* a f) b) (* g h)),(+ (* g h) (+ (* a f) b))
results/temperature/T_0.6/car-f-92-20260831T162127Z-seed1001,g2-i13,2,crossover,g1-i14|g1-i14,6,4.682,32.772,9,4,(+ (+ (* a f) b) (+ g h)),(+ (+ (* a f) b) (+ g h))
results/temperature/T_0.6/car-f-92-20260831T162127Z-seed1001,g2-i14,2,crossover,g1-i9|g1-i8,24,3.988,99.701,12,4,(if (> e g) (+ (* a b) c) (- d f)),(if (< g e) (+ (* a b) c) (- d f))
results/temperature/T_0.6/car-f-92-20260831T162127Z-seed1001,g2-i15,2,crossover,g1-i9|g1-i8,11,4.765,57.178,11,4,(+ (/ (+ f b) e) (* a (+ c d))),(+ (* (+ c d) a) (/ (+ b f) e))
results/temperature/T_0.6/car-f-92-20260831T162127Z-seed1001,g2-i16,2,crossover,g1-i2|g1-i3,28,4.541,131.680,14,4,(if (< e f) (+ (* a b) c) (* (+ d e) g)),(if (< e f) (+ (* a b) c) (* (+ d e) g))
results/temperature/T_0.6/car-f-92-20260831T162127Z-seed1001,g2-i17,2,crossover,g1-i2|g1-i3,7,4.646,37.166,12,4,(+ (if (< a b) e f) (* (+ c d) h)),(+ (* (+ c d) h) (if (< a b) e f))
results/temperature/T_0.6/car-f-92-20260831T162127Z-seed1001,g2-i18,2,mutation,g1-i14,7,4.773,38.183,11,4,(+ (+ (* a f) b) (/ g (+ h e))),(+ (+ (* a f) b) (/ g (+ e h)))
results/temperature/T_0.6/car-f-92-20260831T162127Z-seed1001,g2-i19,2,mutation,g1-i3,47,3.154,151.388,12,4,(if (> (+ a b) c) (* d e) (+ f g)),(if (< c (+ a b)) (* d e) (+ f g))
results/temperature/T_0.6/car-f-92-20260831T162127Z-seed1001,g3-e0,3,elitism,g2-e0,0,5.146,5.146,9,4,(+ (- h g) (/ (+ f b) e)),(+ (- h g) (/ (+ b f) e))
results/temperature/T_0.6/car-f-92-20260831T162127Z-seed1001,g3-i1,3,crossover,g2-i3|g2-i17,16,4.263,72.465,18,4,(if (< f g) (* (+ e h) (+ c d)) (+ (* a e) (/ b d))),(if (< f g) (* (+ c d) (+ e h)) (+ (* a e) (/ b d)))
results/temperature/T_0.6/car-f-92-20260831T162127Z-seed1001,g3-i2,3,crossover,g2-i3|g2-i17,8,4.834,43.506,12,4,(+ (if (> c d) f e) (* (+ a b) g)),(+ (* (+ a b) g) (if (< d c) f e))
results/temperature/T_0.6/car-f-92-20260831T162127Z-seed1001,g3-i3,3,crossover,g2-e0|g2-i18,0,5.199,5.199,9,4,(+ (* (+ a b) f) (/ g e)),(+ (* (+ a b) f) (/ g e))
results/temperature/T_0.6/car-f-92-20260831T162127Z-seed1001,g3-i4,3,crossover,g2-e0|g2-i18,40,3.364,137.905,14,4,(if (< c d) (+ (* f e) g) (- h (+ a b))),(if (< c d) (+ (* e f) g) (- h (+ a b)))
results/temperature/T_0.6/car-f-92-20260831T162127Z-seed1001,g3-i5,3,crossover,g2-i3|g2-i12,46,2.850,133.929,16,4,(if (> f g) (* (+ a b) c) (+ (* d e) (/ h f))),(if (< g f) (* (+ a b) c) (+ (* d e) (/ h f)))
results/temperature/T_0.6/car-f-92-20260831T162127Z-seed1001,g3-i6,3,crossover,g2-i3|g2-i12,58,2.241,132.232,16,4,(+ (if (< a h) (+ f g) (* b c)) (* e (+ d g))),(+ (* (+ d g) e) (if (< a h) (+ f g) (* b c)))
results/temperature/T_0.6/car-f-92-20260831T162127Z-seed1001,g3-i7,3,crossover,g2-i13|g2-i9,6,4.709,32.966,16,4,(if (< e h) (+ (* f g) (* d e)) (+ (* a f) b)),(if (< e h) (+ (* d e) (* f g)) (+ (* a f) b))
results/temperature/T_0.6/car-f-92-20260831T162127Z-seed1001,g3-i8,3,crossover,g2-i13|g2-i9,7,4.859,38.871,13,4,(+ (+ (* d e) (* f g)) (* b (+ a h))),(+ (* (+ a h) b) (+ (* d e) (* f g)))
results/temperature/T_0.6/car-f-92-20260831T162127Z-seed1001,g3-i9,3,crossover,g2-i13|g2-e0,9,4.872,48.719,7,3,(+ (* a b) (+ f g)),(+ (* a b) (+ f g))
results/temperature/T_0.6/car-f-92-20260831T162127Z-seed1001,g3-i10,3,crossover,g2-i13|g2-e0,9,4.690,46.899,14,4,(if (< e h) (* a (+ b c)) (/ (+ f g) h)),(if (< e h) (* (+ b c) a) (/ (+ f g) h))
results/temperature/T_0.6/car-f-92-20260831T162127Z-seed1001,g3-i11,3,mutation,g2-i13,18,4.515,85.786,10,3,(if (< a b) (* c d) (+ e f)),(if (< a b) (* c d) (+ e f))
results/temperature/T_0.6/car-f-92-20260831T162127Z-seed1001,g3-i12,3,crossover,g2-i3|g2-e0,4,4.698,23.492,14,4,(if (> f g) (* (+ a b) c) (+ (/ h e) d)),(if (< g f) (* (+ a b) c) (+ (/ h e) d))
results/temperature/T_0.6/car-f-92-20260831T162127Z-seed1001,g3-i13,3,crossover,g2-i3|g2-e0,0,5.165,5.165,11,4,(+ (* (- h g) e) (/ (+ f b) a)),(+ (* (- h g) e) (/ (+ b f) a))
results/temperature/T_0.6/car-f-92-20260831T162127Z-seed1001,g3-i14,3,crossover,g2-i12|g2-i4,14,4.967,74.511,18,4,(if (< e h) (+ (* a f) (* b g)) (+ (* c d) (/ e f))),(if (< e h) (+ (* a f) (* b g)) (+ (* c d) (/ e f)))
results/temperature/T_0.6/car-f-92-20260831T162127Z-seed1001,g3-i15,3,mutation,g2-i13,31,3.992,127.738,10,3,(if (< a b) (* c d) (+ e f)),(if (< a b) (* c d) (+ e f))
results/temperature/T_0.6/car-f-92-20260831T162127Z-seed1001,g3-i16,3,mutation,g2-i5,8,4.517,40.655,14,4,(if (> b g) (* (+ a f) e) (+ (* c d) h)),(if (< g b) (* (+ a f) e) (+ (* c d) h))
results/temperature/T_0.6/car-f-92-20260831T162127Z-seed1001,g3-i17,3,crossover,g2-i8|g2-i18,4,4.928,24.638,9,4,(+ (* a (+ b c)) (/ f g)),(+ (* (+ b c) a) (/ f g))
results/temperature/T_0.6/car-f-92-20260831T162127Z-seed1001,g3-i18,3,crossover,g2-i8|g2-i18,8,5.245,47.201,12,4,(if (< e h) (+ (* a b) c) (- f g)),(if (< e h) (+ (* a b) c) (- f g))
results/temperature/T_0.6/car-f-92-20260831T162127Z-seed1001,g3-i19,3,mutation,g2-i3,6,4.905,34.338,18,4,(if (> e h) (+ (* f g) (* d e)) (+ (* a b) (/ c d))),(if (< h e) (+ (* d e) (* f g)) (+ (* a b) (/ c d)))
results/temperature/T_0.6/car-f-92-20260831T162127Z-seed1001,g4-e0,4,elitism,g3-e0,0,5.146,5.146,9,4,(+ (- h g) (/ (+ f b) e)),(+ (- h g) (/ (+ b f) e))
results/temperature/T_0.6/car-f-92-20260831T162127Z-seed1001,g4-i1,4,mutation,g3-i3,5,4.929,29.576,14,4,(if (< (+ a b) f) (* g e) (+ (* a b) c)),(if (< (+ a b) f) (* e g) (+ (* a b) c))
results/temperature/T_0.6/car-f-92-20260831T162127Z-seed1001,g4-i2,4,mutation,g3-i19,6,4.723,33.061,18,4,(if (< e h) (+ (* f g) (* d e)) (+ (* a b) (/ c d))),(if (< e h) (+ (* d e) (* f g)) (+ (* a b) (/ c d)))
results/temperature/T_0.6/car-f-92-20260831T162127Z-seed1001,g4-i3,4,crossover,g3-i11|g3-e0,8,4.629,41.661,10,3,(if (> e f) (+ c d) (* a b)),(if (< f e) (+ c d) (* a b))
results/temperature/T_0.6/car-f-92-20260831T162127Z-seed1001,g4-i4,4,crossover,g3-i11|g3-e0,60,2.004,122.248,7,3,(+ (* g h) (- b c)),(+ (* g h) (- b c))
results/temperature/T_0.6/car-f-92-20260831T162127Z-seed1001,g4-i5,4,crossover,g3-i17|g3-i17,30,4.274,132.496,10,3,(if (< a b) (* c d) (+ e f)),(if (< a b) (* c d) (+ e f))
results/temperature/T_0.6/car-f-92-20260831T162127Z-seed1001,g4-i6,4,crossover,g3-i17|g3-i17,9,4.824,48.243,9,4,(+ (/ g h) (* a (+ b c))),(+ (* (+ b c) a) (/ g h))
results/temperature/T_0.6/car-f-92-20260831T162127Z-seed1001,g4-i7,4,crossover,g3-i12|g3-i12,4,4.810,24.049,12,4,(if (< f g) (+ (* a b) c) (/ h e)),(if (< f g) (+ (* a b) c) (/ h e))
results/temperature/T_0.6/car-f-92-20260831T162127Z-seed1001,g4-i8,4,crossover,g3-i12|g3-i12,38,2.984,116.384,14,4,(if (> c d) (* (+ a b) e) (+ (/ h f) g)),(if (< d c) (* (+ a b) e) (+ (/ h f) g))
results/temperature/T_0.6/car-f-92-20260831T162127Z-seed1001,g4-i9,4,crossover,g3-i16|g3-i16,10,4.460,49.055,14,4,(if (> c g) (+ (* a f) e) (* (+ b d) h)),(if (< g c) (+ (* a f) e) (* (+ b d) h))
results/temperature/T_0.6/car-f-92-20260831T162127Z-seed1001,g4-i10,4,crossover,g3-i16|g3-i16,10,4.791,52.697,14,4,(if (< a g) (* (+ f e) c) (+ (* b d) h)),(if (< a g) (* (+ e f) c) (+ (* b d) h))
results/temperature/T_0.6/car-f-92-20260831T162127Z-seed1001,g4-i11,4,mutation,g3-i3,5,4.869,29.215,14,4,(if (< (+ a b) f) (* g e) (+ (* a b) c)),(if (< (+ a b) f) (* e g) (+ (* a b) c))
results/temperature/T_0.6/car-f-92-20260831T162127Z-seed1001,g4-i12,4,crossover,g3-i18|g3-i10,7,4.877,39.018,12,4,(if (< e h) (* (+ a b) c) (+ f g)),(if (< e h) (* (+ a b) c) (+ f g))
results/temperature/T_0.6/car-f-92-20260831T162127Z-seed1001,g4-i13,4,crossover,g3-i18|g3-i10,49,2.159,107.935,14,4,(if (> e h) (+ (* a b) (/ f g)) (- c d)),(if (< h e) (+ (* a b) (/ f g)) (- c d))
results/temperature/T_0.6/car-f-92-20260831T162127Z-seed1001,g4-i14,4,crossover,g3-i10|g3-i3,3,4.805,19.222,16,4,(if (< e h) (* (+ a b) f) (+ (* a b) (/ g e))),(if (< e h) (* (+ a b) f) (+ (* a b) (/ g e)))
results/temperature/T_0.6/car-f-92-20260831T162127Z-seed1001,g4-i15,4,crossover,g3-i10|g3-i3,3,4.926,19.704,11,4,(+ (/ (+ f g) h) (* a (+ b c))),(+ (* (+ b c) a) (/ (+ f g) h))
results/temperature/T_0.6/car-f-92-20260831T162127Z-seed1001,g4-i16,4,mutation,g3-i19,11,4.743,56.920,18,4,(if (> f h) (+ (* c g) (* d e)) (+ (* a b) (/ c d))),(if (< h f) (+ (* c g) (* d e)) (+ (* a b) (/ c d)))
results/temperature/T_0.6/car-f-92-20260831T162127Z-seed1001,g4-i17,4,crossover,g3-i7|g3-i2,5,4.765,28.588,14,4,(if (> f g) (+ (* c e) d) (* (+ a b) h)),(if (< g f) (+ (* c e) d) (* (+ a b) h))
results/temperature/T_0.6/car-f-92-20260831T162127Z-seed1001,g4-i18,4,crossover,g3-i7|g3-i2,10,4.967,54.632,12,4,(+ (if (< a d) e f) (* (+ g h) b)),(+ (* (+ g h) b) (if (< a d) e f))
results/temperature/T_0.6/car-f-92-20260831T162127Z-seed1001,g4-i19,4,crossover,g3-i13|g3-i3,41,3.507,147.302,9,4,(+ (* a e) (/ (+ f g) b)),(+ (* a e) (/ (+ f g) b))
results/temperature/T_0.6/car-f-92-20260831T162127Z-seed1001,g5-e0,5,elitism,g4-e0,0,5.146,5.146,9,4,(+ (- h g) (/ (+ f b) e)),(+ (- h g) (/ (+ b f) e))
results/temperature/T_0.6/car-f-92-20260831T162127Z-seed1001,g5-i1,5,crossover,g4-i14|g4-i15,0,4.861,4.861,16,4,(if (< a h) (+ (* b c) f) (* (/ g e) (+ a b))),(if (< a h) (+ (* b c) f) (* (+ a b) (/ g e)))
results/temperature/T_0.6/car-f-92-20260831T162127Z-seed1001,g5-i2,5,crossover,g4-i14|g4-i15,6,4.675,32.728,11,4,(+ (* (/ f h) g) (- (* c d) b)),(+ (* (/ f h) g) (- (* c d) b))
results/temperature/T_0.6/car-f-92-20260831T162127Z-seed1001,g5-i3,5,crossover,g4-i14|g4-e0,2,5.440,16.321,14,4,(if (< a d) (+ (* b c) f) (- (/ g e) h)),(if (< a d) (+ (* b c) f) (- (/ g e) h))
results/temperature/T_0.6/car-f-92-20260831T162127Z-seed1001,g5-i4,5,crossover,g4-i14|g4-i11,5,4.669,28.013,14,4,(if (< a b) (+ (* c d) e) (* (+ f g) h)),(if (< a b) (+ (* c d) e) (* (+ f g) h))
results/temperature/T_0.6/car-f-92-20260831T162127Z-seed1001,g5-i5,5,crossover,g4-i14|g4-i11,28,4.195,121.663,16,4,(if (> c d) (+ (* e f) g) (* (+ a b) (/ h e))),(if (< d c) (+ (* e f) g) (* (+ a b) (/ h e)))
results/temperature/T_0.6/car-f-92-20260831T162127Z-seed1001,g5-i6,5,mutation,g4-i2,8,4.805,43.247,18,4,(if (> e h) (+ (* f g) (* d e)) (+ (* a b) (/ c d))),(if (< h e) (+ (* d e) (* f g)) (+ (* a b) (/ c d)))
results/temperature/T_0.6/car-f-92-20260831T162127Z-seed1001,g5-i7,5,crossover,g4-i17|g4-i15,13,4.540,63.562,14,4,(if (< f g) (* (+ c e) d) (+ (/ a h) b)),(if (< f g) (* (+ c e) d) (+ (/ a h) b))
results/temperature/T_0.6/car-f-92-20260831T162127Z-seed1001,g5-i8,5,crossover,g4-i17|g4-i15,54,1.917,105.437,11,4,(+ (* (- e f) g) (/ (+ a b) c)),(+ (* (- e f) g) (/ (+ a b) c))
results/temperature/T_0.6/car-f-92-20260831T162127Z-seed1001,g5-i9,5,mutation,g4-i14,4,5.026,25.132,16,4,(if (< a h) (* (+ a b) f) (+ (* a b) (/ g e))),(if (< a h) (* (+ a b) f) (+ (* a b) (/ g e)))
results/temperature/T_0.6/car-f-92-20260831T162127Z-seed1001,g5-i10,5,crossover,g4-i14|g4-i2,3,4.704,18.816,18,4,(if (< e h) (+ (* a b) (* f g)) (+ (* c d) (/ g e))),(if (< e h) (+ (* a b) (* f g)) (+ (* c d) (/ g e)))
results/temperature/T_0.6/car-f-92-20260831T162127Z-seed1001,g5-i11,5,crossover,g4-i14|g4-i2,6,5.122,35.854,18,4,(if (< e h) (* (+ f g) (+ a b)) (+ (* d e) (/ c h))),(if (< e h) (* (+ a b) (+ f g)) (+ (* d e) (/ c h)))
results/temperature/T_0.6/car-f-92-20260831T162127Z-seed1001,g5-i12,5,mutation,g4-i7,0,4.796,4.796,12,4,(if (> f g) (+ (* a b) c) (/ h e)),(if (< g f) (+ (* a b) c) (/ h e))
results/temperature/T_0.6/car-f-92-20260831T162127Z-seed1001,g5-i13,5,crossover,g4-i6|g4-i6,7,4.823,38.587,9,4,(+ (* a (+ b c)) (/ g h)),(+ (* (+ b c) a) (/ g h))
results/temperature/T_0.6/car-f-92-20260831T162127Z-seed1001,g5-i14,5,crossover,g4-i6|g4-i6,56,2.144,122.195,9,4,(+ (/ g h) (* a (- b c))),(+ (* (- b c) a) (/ g h))
results/temperature/T_0.6/car-f-92-20260831T162127Z-seed1001,g5-i15,5,crossover,g4-i9|g4-i17,9,4.556,45.556,14,4,(if (> f g) (* (+ c e) h) (+ (* a b) d)),(if (< g f) (* (+ c e) h) (+ (* a b) d))
results/temperature/T_0.6/car-f-92-20260831T162127Z-seed1001,g5-i16,5,crossover,g4-i9|g4-i17,37,3.369,128.039,14,4,(if (<= c g) (+ (* f e) d) (* (+ a h) b)),(if (<= c g) (+ (* e f) d) (* (+ a h) b))
results/temperature/T_0.6/car-f-92-20260831T162127Z-seed1001,g5-i17,5,mutation,g4-i7,10,4.703,51.732,14,4,(if (< (* f e) g) (+ (* a b) c) (/ h e)),(if (< (* e f) g) (+ (* a b) c) (/ h e))
results/temperature/T_0.6/car-f-92-20260831T162127Z-seed1001,g5-i18,5,crossover,g4-i7|g4-i7,3,4.761,19.043,16,4,(if (< f g) (+ (* a b) c) (* (/ h e) (+ a b))),(if (< f g) (+ (* a b) c) (* (+ a b) (/ h e)))
results/temperature/T_0.6/car-f-92-20260831T162127Z-seed1001,g5-i19,5,crossover,g4-i7|g4-i7,6,4.795,33.565,16,4,(if (< f g) (+ (* a b) c) (+ (/ h e) (/ c g))),(if (< f g) (+ (* a b) c) (+ (/ c g) (/ h e)))
results/temperature/T_0.6/car-f-92-20260831T162127Z-seed1001,g6-e0,6,elitism,g5-i12,0,4.796,4.796,12,4,(if (> f g) (+ (* a b) c) (/ h e)),(if (< g f) (+ (* a b) c) (/ h e))
results/temperature/T_0.6/car-f-92-20260831T162127Z-seed1001,g6-i1,6,mutation,g5-i3,15,4.666,74.656,14,4,(if (> a d) (+ (* b c) f) (- (/ g e) h)),(if (< d a) (+ (* b c) f) (- (/ g e) h))
results/temperature/T_0.6/car-f-92-20260831T162127Z-seed1001,g6-i2,6,crossover,g5-i1|g5-i4,5,5.113,30.680,14,4,(if (< a b) (* (+ c d) e) (+ (* f g) h)),(if (< a b) (* (+ c d) e) (+ (* f g) h))
results/temperature/T_0.6/car-f-92-20260831T162127Z-seed1001,g6-i3,6,crossover,g5-i1|g5-i4,19,4.969,99.378,14,4,(if (> a h) (+ (/ g e) f) (* (+ b c) d)),(if (< h a) (+ (/ g e) f) (* (+ b c) d))
results/temperature/T_0.6/car-f-92-20260831T162127Z-seed1001,g6-i4,6,crossover,g5-i4|g5-i1,13,4.437,62.120,14,4,(if (< b c) (* (+ d e) f) (+ (/ g h) a)),(if (< b c) (* (+ d e) f) (+ (/ g h) a))
results/temperature/T_0.6/car-f-92-20260831T162127Z-seed1001,g6-i5,6,crossover,g5-i4|g5-i1,16,4.573,77.739,14,4,(if (> a f) (+ (* b g) c) (* (+ e h) d)),(if (< f a) (+ (* b g) c) (* (+ e h) d))
results/temperature/T_0.6/car-f-92-20260831T162127Z-seed1001,g6-i6,6,crossover,g5-e0|g5-i1,5,4.623,27.741,14,4,(if (> e g) (* (+ f b) h) (+ (/ c e) a)),(if (< g e) (* (+ b f) h) (+ (/ c e) a))
results/temperature/T_0.6/car-f-92-20260831T162127Z-seed1001,g6-i7,6,crossover,g5-e0|g5-i1,59,1.914,114.860,14,4,(+ (* (- d g) (/ f e)) (if (< b h) c a)),(+ (* (- d g) (/ f e)) (if (< b h) c a))
results/temperature/T_0.6/car-f-92-20260831T162127Z-seed1001,g6-i8,6,crossover,g5-i3|g5-i10,7,4.360,34.878,18,4,(if (< b f) (+ (* a c) (/ g e)) (- (* d h) (+ e f))),(if (< b f) (+ (* a c) (/ g e)) (- (* d h) (+ e f)))
results/temperature/T_0.6/car-f-92-20260831T162127Z-seed1001,g6-i9,6,crossover,g5-i3|g5-i10,3,4.617,18.467,18,4,(if (> c g) (* (+ a b) (- e f)) (+ (/ g h) (* d c))),(if (< g c) (* (+ a b) (- e f)) (+ (* c d) (/ g h)))
results/temperature/T_0.6/car-f-92-20260831T162127Z-seed1001,g6-i10,6,crossover,g5-i3|g5-i1,0,5.319,5.319,16,4,(if (< a d) (+ (* b c) f) (* (/ g e) (+ a b))),(if (< a d) (+ (* b c) f) (* (+ a b) (/ g e)))
results/temperature/T_0.6/car-f-92-20260831T162127Z-seed1001,g6-i11,6,crossover,g5-i3|g5-i1,10,4.939,54.334,14,4,(if (< a h) (+ (* b c) f) (- (/ g e) h)),(if (< a h) (+ (* b c) f) (- (/ g e) h))
results/temperature/T_0.6/car-f-92-20260831T162127Z-seed1001,g6-i12,6,crossover,g5-e0|g5-i3,45,2.921,134.356,14,4,(if (> e f) (+ (* a b) c) (- (/ g h) d)),(if (< f e) (+ (* a b) c) (- (/ g h) d))
results/temperature/T_0.6/car-f-92-20260831T162127Z-seed1001,g6-i13,6,crossover,g5-i4|g5-i12,25,3.948,102.642,14,4,(if (< a b) (+ (* c d) (* f g)) (/ h e)),(if (< a b) (+ (* c d) (* f g)) (/ h e))
results/temperature/T_0.6/car-f-92-20260831T162127Z-seed1001,g6-i14,6,crossover,g5-i4|g5-i12,37,3.457,131.375,14,4,(if (> f g) (* (+ a b) c) (+ (* e d) h)),(if (< g f) (* (+ a b) c) (+ (* d e) h))
results/temperature/T_0.6/car-f-92-20260831T162127Z-seed1001,g6-i15,6,mutation,g5-i3,15,4.669,74.708,14,4,(if (> a d) (+ (* b c) f) (- (/ g e) h)),(if (< d a) (+ (* b c) f) (- (/ g e) h))
results/temperature/T_0.6/car-f-92-20260831T162127Z-seed1001,g6-i16,6,mutation,g5-i1,5,4.868,29.208,16,4,(if (> a h) (* (+ b c) f) (+ (/ g e) (* a b))),(if (< h a) (* (+ b c) f) (+ (* a b) (/ g e)))
results/temperature/T_0.6/car-f-92-20260831T162127Z-seed1001,g6-i17,6,crossover,g5-i9|g5-i9,1,5.064,10.129,16,4,(if (< a h) (+ (* a b) f) (* (+ a b) (/ g e))),(if (< a h) (+ (* a b) f) (* (+ a b) (/ g e)))
results/temperature/T_0.6/car-f-92-20260831T162127Z-seed1001,g6-i18,6,crossover,g5-i9|g5-i9,8,4.955,44.592,16,4,(if (> a h) (* (+ a b) f) (+ (* a b) (/ g e))),(if (< h a) (* (+ a b) f) (+ (* a b) (/ g e)))
results/temperature/T_0.6/car-f-92-20260831T162127Z-seed1001,g6-i19,6,mutation,g5-i18,5,4.966,29.793,18,4,(if (< (* a b) g) (+ (* a b) c) (* (/ h e) (+ a b))),(if (< (* a b) g) (+ (* a b) c) (* (+ a b) (/ h e)))
results/temperature/T_0.6/car-f-92-20260831T162127Z-seed1001,g7-e0,7,elitism,g6-e0,0,4.796,4.796,12,4,(if (> f g) (+ (* a b) c) (/ h e)),(if (< g f) (+ (* a b) c) (/ h e))
results/temperature/T_0.6/car-f-92-20260831T162127Z-seed1001,g7-i1,7,crossover,g6-i10|g6-i8,10,4.533,49.860,18,4,(if (< a f) (+ (* b c) (/ g e)) (* (+ a b) (- d h))),(if (< a f) (+ (* b c) (/ g e)) (* (+ a b) (- d h)))
results/temperature/T_0.6/car-f-92-20260831T162127Z-seed1001,g7-i2,7,crossover,g6-i10|g6-i8,9,4.673,46.726,16,4,(if (> c e) (- (* a d) f) (+ (/ g e) (* b c))),(if (< e c) (- (* a d) f) (+ (* b c) (/ g e)))
results/temperature/T_0.6/car-f-92-20260831T162127Z-seed1001,g7-i3,7,crossover,g6-e0|g6-i11,0,4.798,4.798,12,4,(if (> f g) (+ (* a c) b) (/ h e)),(if (< g f) (+ (* a c) b) (/ h e))
results/temperature/T_0.6/car-f-92-20260831T162127Z-seed1001,g7-i4,7,crossover,g6-e0|g6-i11,2,5.401,16.203,14,4,(if (< a h) (+ (* b f) c) (- (/ g e) h)),(if (< a h) (+ (* b f) c) (- (/ g e) h))
results/temperature/T_0.6/car-f-92-20260831T162127Z-seed1001,g7-i5,7,crossover,g6-e0|g6-i9,13,4.225,59.156,14,4,(if (> a e) (* (+ b c) d) (+ (/ f g) h)),(if (< e a) (* (+ b c) d) (+ (/ f g) h))
results/temperature/T_0.6/car-f-92-20260831T162127Z-seed1001,g7-i6,7,crossover,g6-e0|g6-i9,6,4.454,31.178,18,4,(if (<= c h) (+ (* a b) (- e f)) (* (/ g h) (+ d c))),(if (<= c h) (+ (* a b) (- e f)) (* (+ c d) (/ g h)))
results/temperature/T_0.6/car-f-92-20260831T162127Z-seed1001,g7-i7,7,mutation,g6-e0,0,5.349,5.349,14,4,(if (> (* f e) g) (+ (* a b) c) (/ h e)),(if (< g (* e f)) (+ (* a b) c) (/ h e))
results/temperature/T_0.6/car-f-92-20260831T162127Z-seed1001,g7-i8,7,mutation,g6-i10,22,4.281,98.465,16,4,(if (> a d) (+ (* b c) f) (* (/ g e) (+ a b))),(if (< d a) (+ (* b c) f) (* (+ a b) (/ g e)))
results/temperature/T_0.6/car-f-92-20260831T162127Z-seed1001,g7-i9,7,crossover,g6-i9|g6-i2,6,4.812,33.682,14,4,(if (< a b) (+ (* c d) e) (* (+ f g) h)),(if (< a b) (+ (* c d) e) (* (+ f g) h))
results/temperature/T_0.6/car-f-92-20260831T162127Z-seed1001,g7-i10,7,crossover,g6-i9|g6-i2,11,4.743,56.919,16,4,(+ (if (> c g) (- e f) (* a b)) (* d (/ g h))),(+ (* (/ g h) d) (if (< g c) (- e f) (* a b)))
results/temperature/T_0.6/car-f-92-20260831T162127Z-seed1001,g7-i11,7,crossover,g6-e0|g6-i6,6,4.505,31.535,14,4,(if (> f g) (* (+ a b) c) (+ (/ h e) a)),(if (< g f) (* (+ a b) c) (+ (/ h e) a))
results/temperature/T_0.6/car-f-92-20260831T162127Z-seed1001,g7-i12,7,crossover,g6-e0|g6-i6,52,2.750,145.767,14,4,(if (> e g) (+ (* f b) h) (- (* c e) a)),(if (< g e) (+ (* b f) h) (- (* c e) a))
results/temperature/T_0.6/car-f-92-20260831T162127Z-seed1001,g7-i13,7,mutation,g6-i17,25,4.868,126.567,16,4,(if (> a h) (+ (* a b) f) (* (+ a b) (/ g e))),(if (< h a) (+ (* a b) f) (* (+ a b) (/ g e)))
results/temperature/T_0.6/car-f-92-20260831T162127Z-seed1001,g7-i14,7,crossover,g6-i10|g6-e0,1,5.532,11.063,18,4,(if (> a f) (+ (* b c) (/ g e)) (* (+ d e) (- h g))),(if (< f a) (+ (* b c) (/ g e)) (* (+ d e) (- h g)))
results/temperature/T_0.6/car-f-92-20260831T162127Z-seed1001,g7-i15,7,crossover,g6-i10|g6-i9,4,5.193,25.967,16,4,(if (< a d) (* (+ b c) f) (+ (/ g e) (* a b))),(if (< a d) (* (+ b c) f) (+ (* a b) (/ g e)))
results/temperature/T_0.6/car-f-92-20260831T162127Z-seed1001,g7-i16,7,crossover,g6-i10|g6-i9,9,4.462,44.621,18,4,(if (> c g) (+ (* a b) (- e f)) (* (/ g h) (+ d c))),(if (< g c) (+ (* a b) (- e f)) (* (+ c d) (/ g h)))
results/temperature/T_0.6/car-f-92-20260831T162127Z-seed1001,g7-i17,7,mutation,g6-e0,0,4.951,4.951,14,4,(if (> (* f e) g) (+ (* a b) c) (/ h e)),(if (< g (* e f)) (+ (* a b) c) (/ h e))
results/temperature/T_0.6/car-f-92-20260831T162127Z-seed1001,g7-i18,7,crossover,g6-i9|g6-i6,11,4.736,56.832,16,4,(if (< e g) (+ (* a b) c) (* (/ h g) (+ d f))),(if (< e g) (+ (* a b) c) (* (+ d f) (/ h g)))
results/temperature/T_0.6/car-f-92-20260831T162127Z-seed1001,g7-i19,7,crossover,g6-i9|g6-i6,57,2.517,146.003,18,4,(if (<= c e) (+ (* f h) (/ g d)) (* (+ a b) (- e f))),(if (<= c e) (+ (* f h) (/ g d)) (* (+ a b) (- e f)))
results/temperature/T_0.6/car-f-92-20260831T162127Z-seed1001,g8-e0,8,elitism,g7-e0,0,4.796,4.796,12,4,(if (> f g) (+ (* a b) c) (/ h e)),(if (< g f) (+ (* a b) c) (/ h e))
results/temperature/T_0.6/car-f-92-20260831T162127Z-seed1001,g8-i1,8,crossover,g7-i4|g7-e0,51,3.277,170.395,14,4,(if (> a f) (* (+ b c) e) (+ (/ g h) d)),(if (< f a) (* (+ b c) e) (+ (/ g h) d))
results/temperature/T_0.6/car-f-92-20260831T162127Z-seed1001,g8-i2,8,crossover,g7-i15|g7-i7,2,5.056,15.167,16,4,(if (< a d) (+ (* b c) f) (+ (/ g e) (* a b))),(if (< a d) (+ (* b c) f) (+ (* a b) (/ g e)))
results/temperature/T_0.6/car-f-92-20260831T162127Z-seed1001,g8-i3,8,crossover,g7-i15|g7-i7,0,5.280,5.280,14,4,(if (> (* f e) g) (* (+ a b) c) (/ h e)),(if (< g (* e f)) (* (+ a b) c) (/ h e))
results/temperature/T_0.6/car-f-92-20260831T162127Z-seed1001,g8-i4,8,mutation,g7-i14,38,3.206,125.035,18,4,(if (< a f) (* (+ b c) (/ g e)) (+ (* d e) (- h g))),(if (< a f) (* (+ b c) (/ g e)) (+ (* d e) (- h g)))
results/temperature/T_0.6/car-f-92-20260831T162127Z-seed1001,g8-i5,8,crossover,g7-e0|g7-i7,7,4.717,37.736,14,4,(if (> f g) (+ (* a b) c) (+ (* a b) c)),(if (< g f) (+ (* a b) c) (+ (* a b) c))
results/temperature/T_0.6/car-f-92-20260831T162127Z-seed1001,g8-i6,8,crossover,g7-e0|g7-i7,1,5.065,10.129,12,4,(if (> (* f e) g) (/ h e) (/ h e)),(if (< g (* e f)) (/ h e) (/ h e))
results/temperature/T_0.6/car-f-92-20260831T162127Z-seed1001,g8-i7,8,mutation,g7-i14,22,4.861,111.792,18,4,(if (> b f) (+ (* a c) (/ g e)) (* (+ d e) (- h g))),(if (< f b) (+ (* a c) (/ g e)) (* (+ d e) (- h g)))
results/temperature/T_0.6/car-f-92-20260831T162127Z-seed1001,g8-i8,8,mutation,g7-e0,8,4.907,44.159,12,4,(if (< f g) (+ (* a b) c) (/ h e)),(if (< f g) (+ (* a b) c) (/ h e))
results/temperature/T_0.6/car-f-92-20260831T162127Z-seed1001,g8-i9,8,mutation,g7-e0,1,5.001,10.002,14,4,(if (> f g) (+ (* a b) (* c e)) (/ h e)),(if (< g f) (+ (* a b) (* c e)) (/ h e))
results/temperature/T_0.6/car-f-92-20260831T162127Z-seed1001,g8-i10,8,crossover,g7-i17|g7-e0,11,5.083,60.994,12,4,(if (> f e) (+ (* a b) c) (/ h e)),(if (< e f) (+ (* a b) c) (/ h e))
results/temperature/T_0.6/car-f-92-20260831T162127Z-seed1001,g8-i11,8,crossover,g7-i17|g7-e0,67,1.802,122.540,14,4,(if (> (* f e) g) (+ (* a b) c) (+ e g)),(if (< g (* e f)) (+ (* a b) c) (+ e g))
results/temperature/T_0.6/car-f-92-20260831T162127Z-seed1001,g8-i12,8,crossover,g7-i1|g7-i17,14,4.990,74.846,16,4,(if (< a f) (* (+ b c) (/ g e)) (+ (* a b) c)),(if (< a f) (* (+ b c) (/ g e)) (+ (* a b) c))
results/temperature/T_0.6/car-f-92-20260831T162127Z-seed1001,g8-i13,8,crossover,g7-i1|g7-i17,0,5.161,5.161,14,4,(if (> (* f e) g) (- (+ a b) d) (/ h e)),(if (< g (* e f)) (- (+ a b) d) (/ h e))
results/temperature/T_0.6/car-f-92-20260831T162127Z-seed1001,g8-i14,8,crossover,g7-i17|g7-i15,24,4.921,123.020,12,4,(if (> a b) (+ (* c d) e) (/ g f)),(if (< b a) (+ (* c d) e) (/ g f))
results/temperature/T_0.6/car-f-92-20260831T162127Z-seed1001,g8-i15,8,crossover,g7-i17|g7-i15,17,4.387,78.969,14,4,(+ (if (< h g) (* f e) (+ a b)) (* c d)),(+ (* c d) (if (< h g) (* e f) (+ a b)))
results/temperature/T_0.6/car-f-92-20260831T162127Z-seed1001,g8-i16,8,crossover,g7-e0|g7-i14,9,4.867,48.668,14,4,(if (< f g) (* (+ a b) c) (+ (/ h e) d)),(if (< f g) (* (+ a b) c) (+ (/ h e) d))
results/temperature/T_0.6/car-f-92-20260831T162127Z-seed1001,g8-i17,8,crossover,g7-e0|g7-i14,12,4.571,59.419,18,4,(if (<= a f) (- (* b c) (/ g e)) (* (+ d e) (+ h g))),(if (<= a f) (- (* b c) (/ g e)) (* (+ d e) (+ g h)))
results/temperature/T_0.6/car-f-92-20260831T162127Z-seed1001,g8-i18,8,crossover,g7-i10|g7-i4,27,4.185,117.184,12,4,(if (> e h) (+ (* a b) c) (- d f)),(if (< h e) (+ (* a b) c) (- d f))
results/temperature/T_0.6/car-f-92-20260831T162127Z-seed1001,g8-i19,8,crossover,g7-i10|g7-i4,11,4.738,56.851,14,4,(+ (if (< g h) (+ a b) (* c d)) (- e f)),(+ (- e f) (if (< g h) (+ a b) (* c d)))
results/temperature/T_0.6/car-f-92-20260831T162127Z-seed1001,g9-e0,9,elitism,g8-e0,0,4.796,4.796,12,4,(if (> f g) (+ (* a b) c) (/ h e)),(if (< g f) (+ (* a b) c) (/ h e))
results/temperature/T_0.6/car-f-92-20260831T162127Z-seed1001,g9-i1,9,crossover,g8-e0|g8-i9,0,4.810,4.810,14,4,(if (> f g) (+ (* a b) (+ c e)) (/ h e)),(if (< g f) (+ (* a b) (+ c e)) (/ h e))
results/temperature/T_0.6/car-f-92-20260831T162127Z-seed1001,g9-i2,9,crossover,g8-e0|g8-i9,8,4.743,42.690,16,4,(if (> f g) (+ (* a b) (* c e)) (+ (/ h e) a)),(if (< g f) (+ (* a b) (* c e)) (+ (/ h e) a))
results/temperature/T_0.6/car-f-92-20260831T162127Z-seed1001,g9-i3,9,mutation,g8-i15,27,4.489,125.700,14,4,(if (> c d) (+ (* f e) a) (+ b (* g h))),(if (< d c) (+ (* e f) a) (+ (* g h) b))
results/temperature/T_0.6/car-f-92-20260831T162127Z-seed1001,g9-i4,9,crossover,g8-e0|g8-i2,0,5.070,5.070,16,4,(if (> f g) (+ (* a b) c) (+ (/ g e) (* a b))),(if (< g f) (+ (* a b) c) (+ (* a b) (/ g e)))
results/temperature/T_0.6/car-f-92-20260831T162127Z-seed1001,g9-i5,9,crossover,g8-e0|g8-i2,4,4.901,24.506,14,4,(if (< a d) (+ (* b c) f) (+ (* a b) c)),(if (< a d) (+ (* b c) f) (+ (* a b) c))
results/temperature/T_0.6/car-f-92-20260831T162127Z-seed1001,g9-i6,9,crossover,g8-i13|g8-e0,0,5.245,5.245,14,4,(if (> (+ f e) g) (* (- a b) d) (/ h e)),(if (< g (+ e f)) (* (- a b) d) (/ h e))
results/temperature/T_0.6/car-f-92-20260831T162127Z-seed1001,g9-i7,9,crossover,g8-i13|g8-e0,3,4.721,18.884,14,4,(if (< (* f e) g) (+ (/ a b) c) (- h e)),(if (< (* e f) g) (+ (/ a b) c) (- h e))
results/temperature/T_0.6/car-f-92-20260831T162127Z-seed1001,g9-i8,9,crossover,g8-i8|g8-i3,8,4.926,44.335,12,4,(if (< f g) (* (+ a b) c) (/ h e)),(if (< f g) (* (+ a b) c) (/ h e))
results/temperature/T_0.6/car-f-92-20260831T162127Z-seed1001,g9-i9,9,crossover,g8-i8|g8-i3,0,5.140,5.140,14,4,(if (> (* f e) g) (+ (* a b) c) (/ h e)),(if (< g (* e f)) (+ (* a b) c) (/ h e))
results/temperature/T_0.6/car-f-92-20260831T162127Z-seed1001,g9-i10,9,crossover,g8-i9|g8-i9,0,5.129,5.129,14,4,(if (> c g) (+ (* a b) (* f e)) (/ h e)),(if (< g c) (+ (* a b) (* e f)) (/ h e))
results/temperature/T_0.6/car-f-92-20260831T162127Z-seed1001,g9-i11,9,crossover,g8-i9|g8-i9,0,4.882,4.882,14,4,(if (> f g) (+ (* a d) (* c e)) (/ h e)),(if (< g f) (+ (* a d) (* c e)) (/ h e))
results/temperature/T_0.6/car-f-92-20260831T162127Z-seed1001,g9-i12,9,mutation,g8-i9,0,4.964,4.964,18,4,(if (> f g) (+ (* a b) (* c e)) (* (/ h e) (+ a b))),(if (< g f) (+ (* a b) (* c e)) (* (+ a b) (/ h e)))
results/temperature/T_0.6/car-f-92-20260831T162127Z-seed1001,g9-i13,9,crossover,g8-i9|g8-i3,0,5.185,5.185,12,4,(if (> f g) (* (+ a b) c) (/ h e)),(if (< g f) (* (+ a b) c) (/ h e))
results/temperature/T_0.6/car-f-92-20260831T162127Z-seed1001,g9-i14,9,mutation,g8-e0,5,4.939,29.634,14,4,(if (> (* f g) h) (+ (* a b) c) (/ e d)),(if (< h (* f g)) (+ (* a b) c) (/ e d))
results/temperature/T_0.6/car-f-92-20260831T162127Z-seed1001,g9-i15,9,mutation,g8-e0,0,4.814,4.814,12,4,(if (> c g) (+ (* a f) b) (/ h e)),(if (< g c) (+ (* a f) b) (/ h e))
results/temperature/T_0.6/car-f-92-20260831T162127Z-seed1001,g9-i16,9,crossover,g8-i3|g8-i9,0,5.267,5.267,14,4,(if (> (+ f e) g) (* (+ a b) c) (/ h e)),(if (< g (+ e f)) (* (+ a b) c) (/ h e))
results/temperature/T_0.6/car-f-92-20260831T162127Z-seed1001,g9-i17,9,crossover,g8-i3|g8-i9,8,4.687,42.179,16,4,(if (< (* f e) g) (+ (* a b) (* c e)) (/ h e)),(if (< (* e f) g) (+ (* a b) (* c e)) (/ h e))
results/temperature/T_0.6/car-f-92-20260831T162127Z-seed1001,g9-i18,9,crossover,g8-e0|g8-i13,5,4.912,29.471,12,4,(if (< f g) (* (+ a b) c) (/ h e)),(if (< f g) (* (+ a b) c) (/ h e))
results/temperature/T_0.6/car-f-92-20260831T162127Z-seed1001,g9-i19,9,crossover,g8-e0|g8-i13,1,5.253,10.506,14,4,(if (> (* f e) g) (+ (- a b) d) (/ h e)),(if (< g (* e f)) (+ (- a b) d) (/ h e))
results/temperature/T_0.8/car-f-92-20260831T171116Z-seed1001,init-i0,-1,initial,,9,4.444,44.439,7,4,(+ a (+ b (* c d))),(+ (+ (* c d) b) a)
results/temperature/T_0.8/car-f-92-20260831T171116Z-seed1001,init-i1,-1,initial,,32,3.285,108.420,10,3,(if (< e f) (+ g h) (- a b)),(if (< e f) (+ g h) (- a b))
results/temperature/T_0.8/car-f-92-20260831T171116Z-seed1001,init-i2,-1,initial,,56,1.922,109.531,7,3,(* (+ d e) (- f g)),(* (+ d e) (- f g))
results/temperature/T_0.8/car-f-92-20260831T171116Z-seed1001,init-i3,-1,initial,,12,4.588,59.650,9,4,(+ (+ a b) (* c (+ d e))),(+ (* (+ d e) c) (+ a b))
results/temperature/T_0.8/car-f-92-20260831T171116Z-seed1001,init-i4,-1,initial,,9,4.761,47.605,3,2,(+ a b),(+ a b)
results/temperature/T_0.8/car-f-92-20260831T171116Z-seed1001,init-i5,-1,initial,,8,4.555,40.993,10,3,(if (< e h) (* c d) (+ f g)),(if (< e h) (* c d) (+ f g))
results/temperature/T_0.8/car-f-92-20260831T171116Z-seed1001,init-i6,-1,initial,,51,2.394,124.479,7,3,(* (+ a b) (- c d)),(* (+ a b) (- c d))
results/temperature/T_0.8/car-f-92-20260831T171116Z-seed1001,init-i7,-1,initial,,11,4.740,56.881,7,3,(+ (* a b) (/ c d)),(+ (* a b) (/ c d))
results/temperature/T_0.8/car-f-92-20260831T171116Z-seed1001,init-i8,-1,initial,,10,4.634,50.975,5,3,(+ a (+ b c)),(+ (+ b c) a)
results/temperature/T_0.8/car-f-92-20260831T171116Z-seed1001,init-i9,-1,initial,,5,4.545,27.270,10,3,(if (< e h) (* f g) (+ d e)),(if (< e h) (* f g) (+ d e))
results/temperature/T_0.8/car-f-92-20260831T171116Z-seed1001,init-i10,-1,initial,,52,2.074,109.936,7,3,(* (+ a b) (- c d)),(* (+ a b) (- c d))
results/temperature/T_0.8/car-f-92-20260831T171116Z-seed1001,init-i11,-1,initial,,9,4.646,46.457,7,3,(+ (+ e f) (* g h)),(+ (* g h) (+ e f))
results/temperature/T_0.8/car-f-92-20260831T171116Z-seed1001,init-i12,-1,initial,,10,4.736,52.091,3,2,(+ a b),(+ a b)
results/temperature/T_0.8/car-f-92-20260831T171116Z-seed1001,init-i13,-1,initial,,15,4.456,71.292,10,3,(if (< e h) (* c d) (+ f g)),(if (< e h) (* c d) (+ f g))
results/temperature/T_0.8/car-f-92-20260831T171116Z-seed1001,init-i14,-1,initial,,56,1.831,104.366,7,3,(* (+ a b) (- c d)),(* (+ a b) (- c d))
results/temperature/T_0.8/car-f-92-20260831T171116Z-seed1001,init-i15,-1,initial,,8,4.646,41.816,7,3,(+ (* a b) (/ f g)),(+ (* a b) (/ f g))
results/temperature/T_0.8/car-f-92-20260831T171116Z-seed1001,init-i16,-1,initial,,10,4.693,51.626,7,3,(* (+ a b) (+ c d)),(* (+ a b) (+ c d))
results/temperature/T_0.8/car-f-92-20260831T171116Z-seed1001,init-i17,-1,initial,,45,2.904,133.575,7,3,(+ (* e f) (- g h)),(+ (* e f) (- g h))
results/temperature/T_0.8/car-f-92-20260831T171116Z-seed1001,init-i18,-1,initial,,56,2.872,163.709,10,3,(if (< a b) (+ c d) (* e f)),(if (< a b) (+ c d) (* e f))
results/temperature/T_0.8/car-f-92-20260831T171116Z-seed1001,init-i19,-1,initial,,53,2.309,124.664,7,3,(- (+ a b) (* c d)),(- (+ a b) (* c d))
results/temperature/T_0.8/car-f-92-20260831T171116Z-seed1001,g0-e0,0,elitism,init-i9,5,4.545,27.270,10,3,(if (< e h) (* f g) (+ d e)),(if (< e h) (* f g) (+ d e))
results/temperature/T_0.8/car-f-92-20260831T171116Z-seed1001,g0-i1,0,crossover,init-i5|init-i4,9,4.664,46.638,10,4,(if (> f g) (+ (* e h) a) b),(if (< g f) (+ (* e h) a) b)
results/temperature/T_0.8/car-f-92-20260831T171116Z-seed1001,g0-i2,0,crossover,init-i5|init-i4,15,4.774,76.392,7,4,(+ (* (/ c d) e) f),(+ (* (/ c d) e) f)
results/temperature/T_0.8/car-f-92-20260831T171116Z-seed1001,g0-i3,0,crossover,init-i4|init-i1,32,3.349,110.513,10,3,(if (< e f) (+ g h) (+ a b)),(if (< e f) (+ g h) (+ a b))
results/temperature/T_0.8/car-f-92-20260831T171116Z-seed1001,g0-i4,0,crossover,init-i11|init-i7,47,2.799,134.334,7,3,(+ (* e f) (+ g h)),(+ (* e f) (+ g h))
results/temperature/T_0.8/car-f-92-20260831T171116Z-seed1001,g0-i5,0,crossover,init-i11|init-i7,47,3.063,147.033,10,3,(if (< a b) (+ c d) (* e f)),(if (< a b) (+ c d) (* e f))
results/temperature/T_0.8/car-f-92-20260831T171116Z-seed1001,g0-i6,0,crossover,init-i4|init-i15,2,4.760,14.281,10,3,(if (< a b) (* a b) (+ f g)),(if (< a b) (* a b) (+ f g))
results/temperature/T_0.8/car-f-92-20260831T171116Z-seed1001,g0-i7,0,crossover,init-i4|init-i15,17,4.392,79.050,7,4,(+ (* (/ f g) a) b),(+ (* (/ f g) a) b)
results/temperature/T_0.8/car-f-92-20260831T171116Z-seed1001,g0-i8,0,crossover,init-i15|init-i11,51,3.201,166.474,7,3,(+ (* e f) (/ a h)),(+ (* e f) (/ a h))
results/temperature/T_0.8/car-f-92-20260831T171116Z-seed1001,g0-i9,0,crossover,init-i15|init-i11,11,4.407,52.888,10,3,(if (< b c) (+ d g) (* f h)),(if (< b c) (+ d g) (* f h))
results/temperature/T_0.8/car-f-92-20260831T171116Z-seed1001,g0-i10,0,mutation,init-i0,7,4.807,38.453,7,4,(+ a (* b (+ c d))),(+ (* (+ c d) b) a)
results/temperature/T_0.8/car-f-92-20260831T171116Z-seed1001,g0-i11,0,mutation,init-i3,12,4.644,60.370,9,4,(+ (* a b) (+ c (* d e))),(+ (* a b) (+ (* d e) c))
results/temperature/T_0.8/car-f-92-20260831T171116Z-seed1001,g0-i12,0,mutation,init-i5,7,4.539,36.314,14,4,(if (> e h) (+ (* f g) (* c d)) (+ f g)),(if (< h e) (+ (* c d) (* f g)) (+ f g))
results/temperature/T_0.8/car-f-92-20260831T171116Z-seed1001,g0-i13,0,crossover,init-i9|init-i7,8,4.679,42.115,10,3,(if (> f g) (+ a b) (* c d)),(if (< g f) (+ a b) (* c d))
results/temperature/T_0.8/car-f-92-20260831T171116Z-seed1001,g0-i14,0,crossover,init-i9|init-i7,58,2.264,133.574,7,3,(+ (/ f g) (- e h)),(+ (- e h) (/ f g))
results/temperature/T_0.8/car-f-92-20260831T171116Z-seed1001,g0-i15,0,crossover,init-i3|init-i16,5,4.787,28.721,14,4,(if (< (+ a b) (* c d)) (+ e f) (+ g h)),(if (< (+ a b) (* c d)) (+ e f) (+ g h))
results/temperature/T_0.8/car-f-92-20260831T171116Z-seed1001,g0-i16,0,crossover,init-i3|init-i16,4,4.883,24.414,9,4,(+ (* (+ a b) c) (- d e)),(+ (* (+ a b) c) (- d e))
results/temperature/T_0.8/car-f-92-20260831T171116Z-seed1001,g0-i17,0,mutation,init-i7,7,4.608,36.860,10,3,(if (< e f) (* a b) (+ c d)),(if (< e f) (* a b) (+ c d))
results/temperature/T_0.8/car-f-92-20260831T171116Z-seed1001,g0-i18,0,crossover,init-i9|init-i15,46,2.282,107.261,12,4,(if (> f g) (+ (* e h) d) (/ c a)),(if (< g f) (+ (* e h) d) (/ c a))
results/temperature/T_0.8/car-f-92-20260831T171116Z-seed1001,g0-i19,0,crossover,init-i9|init-i15,11,4.755,57.061,14,4,(+ (if (< a b) (* f e) (+ g d)) (* c h)),(+ (* c h) (if (< a b) (* e f) (+ d g)))
results/temperature/T_0.8/car-f-92-20260831T171116Z-seed1001,g1-e0,1,elitism,g0-i6,2,4.760,14.281,10,3,(if (< a b) (* a b) (+ f g)),(if (< a b) (* a b) (+ f g))
results/temperature/T_0.8/car-f-92-20260831T171116Z-seed1001,g1-i1,1,mutation,g0-i16,19,4.756,95.127,14,4,(if (< a b) (+ (* c d) e) (+ (- f g) h)),(if (< a b) (+ (* c d) e) (+ (- f g) h))
results/temperature/T_0.8/car-f-92-20260831T171116Z-seed1001,g1-i2,1,mutation,g0-i6,18,4.722,89.717,14,4,(if (> a b) (+ (* f g) (* c d)) (- e h)),(if (< b a) (+ (* c d) (* f g)) (- e h))
results/temperature/T_0.8/car-f-92-20260831T171116Z-seed1001,g1-i3,1,crossover,g0-e0|g0-i17,6,4.821,33.747,18,4,(if (< e f) (+ (* f g) (* a b)) (* (+ d e) (+ c d))),(if (< e f) (+ (* a b) (* f g)) (* (+ c d) (+ d e)))
results/temperature/T_0.8/car-f-92-20260831T171116Z-seed1001,g1-i4,1,crossover,g0-e0|g0-i17,12,4.606,59.875,18,4,(if (> e h) (* (+ f g) (+ a b)) (+ (* c d) (* e f))),(if (< h e) (* (+ a b) (+ f g)) (+ (* c d) (* e f)))
results/temperature/T_0.8/car-f-92-20260831T171116Z-seed1001,g1-i5,1,mutation,g0-i16,4,4.422,22.112,12,4,(if (< (+ a b) c) (* d e) (+ f g)),(if (< (+ a b) c) (* d e) (+ f g))
results/temperature/T_0.8/car-f-92-20260831T171116Z-seed1001,g1-i6,1,crossover,g0-i16|g0-i12,8,4.909,44.180,14,4,(if (< e h) (+ (* a b) (* c d)) (+ f g)),(if (< e h) (+ (* a b) (* c d)) (+ f g))
results/temperature/T_0.8/car-f-92-20260831T171116Z-seed1001,g1-i7,1,crossover,g0-i16|g0-i12,9,4.791,47.906,9,4,(+ (* (+ e f) g) (- h d)),(+ (* (+ e f) g) (- h d))
results/temperature/T_0.8/car-f-92-20260831T171116Z-seed1001,g1-i8,1,crossover,g0-e0|g0-i15,1,4.985,9.971,10,3,(if (< e h) (+ f g) (* d e)),(if (< e h) (+ f g) (* d e))
results/temperature/T_0.8/car-f-92-20260831T171116Z-seed1001,g1-i9,1,crossover,g0-e0|g0-i15,45,2.501,115.029,14,4,(if (> (+ a b) (* c d)) (- e f) (- g h)),(if (< (* c d) (+ a b)) (- e f) (- g h))
results/temperature/T_0.8/car-f-92-20260831T171116Z-seed1001,g1-i10,1,crossover,g0-i16|g0-i6,6,5.183,36.284,12,4,(if (< (+ a b) c) (* d e) (+ f g)),(if (< (+ a b) c) (* d e) (+ f g))
results/temperature/T_0.8/car-f-92-20260831T171116Z-seed1001,g1-i11,1,crossover,g0-i16|g0-i6,5,4.899,29.392,9,4,(+ (* (+ a b) f) (- g h)),(+ (* (+ a b) f) (- g h))
results/temperature/T_0.8/car-f-92-20260831T171116Z-seed1001,g1-i12,1,crossover,g0-i15|g0-i10,31,3.481,111.395,14,4,(if (< (* a b) (+ c d)) (* e f) (+ g h)),(if (< (* a b) (+ c d)) (* e f) (+ g h))
results/temperature/T_0.8/car-f-92-20260831T171116Z-seed1001,g1-i13,1,crossover,g0-i15|g0-i10,5,4.604,27.621,12,4,(+ a (if (> b c) (* d e) (+ f g))),(+ (if (< c b) (* d e) (+ f g)) a)
results/temperature/T_0.8/car-f-92-20260831T171116Z-seed1001,g1-i14,1,crossover,g0-i16|g0-i6,8,4.900,44.100,12,4,(if (< (+ a b) c) (* d e) (+ f g)),(if (< (+ a b) c) (* d e) (+ f g))
results/temperature/T_0.8/car-f-92-20260831T171116Z-seed1001,g1-i15,1,crossover,g0-i16|g0-i6,5,4.843,29.057,9,4,(+ (* (+ a b) f) (- g h)),(+ (* (+ a b) f) (- g h))
results/temperature/T_0.8/car-f-92-20260831T171116Z-seed1001,g1-i16,1,crossover,g0-i17|g0-i16,5,4.722,28.331,12,4,(if (> c e) (+ (* a b) d) (- f g)),(if (< e c) (+ (* a b) d) (- f g))
results/temperature/T_0.8/car-f-92-20260831T171116Z-seed1001,g1-i17,1,crossover,g0-i17|g0-i16,38,3.418,133.287,9,4,(+ (/ (+ a b) c) (* d e)),(+ (* d e) (/ (+ a b) c))
results/temperature/T_0.8/car-f-92-20260831T171116Z-seed1001,g1-i18,1,crossover,g0-e0|g0-i6,4,4.650,23.248,10,3,(if (< e h) (+ f g) (* d e)),(if (< e h) (+ f g) (* d e))
results/temperature/T_0.8/car-f-92-20260831T171116Z-seed1001,g1-i19,1,mutation,g0-i16,8,4.632,41.687,12,4,(if (< (+ a b) c) (* d e) (+ f g)),(if (< (+ a b) c) (* d e) (+ f g))
results/temperature/T_0.8/car-f-92-20260831T171116Z-seed1001,g2-e0,2,elitism,g1-i8,1,4.985,9.971,10,3,(if (< e h) (+ f g) (* d e)),(if (< e h) (+ f g) (* d e))
results/temperature/T_0.8/car-f-92-20260831T171116Z-seed1001,g2-i1,2,mutation,g1-i3,36,4.331,160.242,18,4,(if (> e f) (+ (* f g) (* a b)) (* (+ d e) (+ c d))),(if (< f e) (+ (* a b) (* f g)) (* (+ c d) (+ d e)))
results/temperature/T_0.8/car-f-92-20260831T171116Z-seed1001,g2-i2,2,crossover,g1-i3|g1-e0,17,4.688,84.379,18,4,(if (< f g) (+ (* e h) (* c d)) (* (+ a b) (+ e f))),(if (< f g) (+ (* c d) (* e h)) (* (+ a b) (+ e f)))
results/temperature/T_0.8/car-f-92-20260831T171116Z-seed1001,g2-i3,2,crossover,g1-i18|g1-i13,5,4.436,26.616,10,3,(if (< e h) (* f g) (+ d e)),(if (< e h) (* f g) (+ d e))
results/temperature/T_0.8/car-f-92-20260831T171116Z-seed1001,g2-i4,2,crossover,g1-i18|g1-i13,42,3.970,170.714,10,4,(+ (if (> b c) d f) (* a e)),(+ (* a e) (if (< c b) d f))
results/temperature/T_0.8/car-f-92-20260831T171116Z-seed1001,g2-i5,2,crossover,g1-i16|g1-i8,48,2.280,111.727,12,4,(if (< c e) (+ (* a f) b) (- g d)),(if (< c e) (+ (* a f) b) (- g d))
results/temperature/T_0.8/car-f-92-20260831T171116Z-seed1001,g2-i6,2,crossover,g1-i16|g1-i8,9,4.575,45.753,12,4,(if (> e h) (* (+ d f) g) (+ c a)),(if (< h e) (* (+ d f) g) (+ a c))
results/temperature/T_0.8/car-f-92-20260831T171116Z-seed1001,g2-i7,2,crossover,g1-i16|g1-i8,5,4.670,28.020,12,4,(if (> e h) (* (+ a b) c) (+ f g)),(if (< h e) (* (+ a b) c) (+ f g))
results/temperature/T_0.8/car-f-92-20260831T171116Z-seed1001,g2-i8,2,crossover,g1-i16|g1-i8,50,1.774,90.459,12,4,(if (<= c d) (- (* e f) g) (+ a b)),(if (<= c d) (- (* e f) g) (+ a b))
results/temperature/T_0.8/car-f-92-20260831T171116Z-seed1001,g2-i9,2,crossover,g1-i5|g1-i18,44,3.128,140.761,12,4,(if (< (+ a b) c) (+ f g) (* d e)),(if (< (+ a b) c) (+ f g) (* d e))
results/temperature/T_0.8/car-f-92-20260831T171116Z-seed1001,g2-i10,2,crossover,g1-i5|g1-i18,15,4.314,69.030,10,3,(if (> e h) (* f g) (+ d e)),(if (< h e) (* f g) (+ d e))
results/temperature/T_0.8/car-f-92-20260831T171116Z-seed1001,g2-i11,2,mutation,g1-e0,16,4.977,84.609,14,4,(if (> a b) (+ (* f g) (* c d)) (- e h)),(if (< b a) (+ (* c d) (* f g)) (- e h))
results/temperature/T_0.8/car-f-92-20260831T171116Z-seed1001,g2-i12,2,crossover,g1-i8|g1-e0,7,4.781,38.245,10,3,(if (< e h) (* f g) (+ d e)),(if (< e h) (* f g) (+ d e))
results/temperature/T_0.8/car-f-92-20260831T171116Z-seed1001,g2-i13,2,crossover,g1-i8|g1-e0,23,4.591,110.173,10,3,(if (> a b) (+ a b) (* f g)),(if (< b a) (+ a b) (* f g))
results/temperature/T_0.8/car-f-92-20260831T171116Z-seed1001,g2-i14,2,crossover,g1-i14|g1-i18,43,2.933,129.055,12,4,(if (< (+ a b) c) (+ f g) (* d e)),(if (< (+ a b) c) (+ f g) (* d e))
results/temperature/T_0.8/car-f-92-20260831T171116Z-seed1001,g2-i15,2,crossover,g1-i14|g1-i18,12,4.280,55.646,10,3,(if (> e h) (* f g) (+ d e)),(if (< h e) (* f g) (+ d e))
results/temperature/T_0.8/car-f-92-20260831T171116Z-seed1001,g2-i16,2,crossover,g1-i13|g1-i8,39,2.931,117.225,12,4,(if (> b c) (+ (* d e) f) (+ g h)),(if (< c b) (+ (* d e) f) (+ g h))
results/temperature/T_0.8/car-f-92-20260831T171116Z-seed1001,g2-i17,2,crossover,g1-i13|g1-i8,9,4.647,46.469,12,4,(+ a (if (< e h) (* f g) (+ d e))),(+ (if (< e h) (* f g) (+ d e)) a)
results/temperature/T_0.8/car-f-92-20260831T171116Z-seed1001,g2-i18,2,mutation,g1-i15,4,4.795,23.975,14,4,(if (< a b) (+ (* c d) e) (+ (* f g) h)),(if (< a b) (+ (* c d) e) (+ (* f g) h))
results/temperature/T_0.8/car-f-92-20260831T171116Z-seed1001,g2-i19,2,mutation,g1-e0,2,4.827,14.482,12,4,(if (> c e) (+ (* f g) a) (- b d)),(if (< e c) (+ (* f g) a) (- b d))
results/temperature/T_0.8/car-f-92-20260831T171116Z-seed1001,g3-e0,3,elitism,g2-e0,1,4.985,9.971,10,3,(if (< e h) (+ f g) (* d e)),(if (< e h) (+ f g) (* d e))
results/temperature/T_0.8/car-f-92-20260831T171116Z-seed1001,g3-i1,3,mutation,g2-e0,3,4.711,18.845,12,4,(if (< e h) (+ f g) (* d (+ e f))),(if (< e h) (+ f g) (* (+ e f) d))
results/temperature/T_0.8/car-f-92-20260831T171116Z-seed1001,g3-i2,3,crossover,g2-i3|g2-i17,5,5.293,31.755,10,3,(if (< e h) (* f g) (+ a e)),(if (< e h) (* f g) (+ a e))
results/temperature/T_0.8/car-f-92-20260831T171116Z-seed1001,g3-i3,3,crossover,g2-i3|g2-i17,7,4.820,38.560,12,4,(+ a (if (> e h) (* f g) (+ d e))),(+ (if (< h e) (* f g) (+ d e)) a)
results/temperature/T_0.8/car-f-92-20260831T171116Z-seed1001,g3-i4,3,crossover,g2-i3|g2-i6,7,4.494,35.952,12,4,(if (< e h) (* (+ d f) g) (+ c a)),(if (< e h) (* (+ d f) g) (+ a c))
results/temperature/T_0.8/car-f-92-20260831T171116Z-seed1001,g3-i5,3,crossover,g2-i18|g2-e0,26,4.502,121.561,14,4,(if (< b f) (* (+ c d) e) (+ (* g h) a)),(if (< b f) (* (+ c d) e) (+ (* g h) a))
results/temperature/T_0.8/car-f-92-20260831T171116Z-seed1001,g3-i6,3,crossover,g2-i18|g2-e0,4,4.818,24.090,14,4,(if (> a h) (+ (* f g) d) (* (+ e b) c)),(if (< h a) (+ (* f g) d) (* (+ b e) c))
results/temperature/T_0.8/car-f-92-20260831T171116Z-seed1001,g3-i7,3,crossover,g2-i17|g2-i19,56,2.007,114.415,12,4,(if (> e h) (+ (* f g) a) (- b d)),(if (< h e) (+ (* f g) a) (- b d))
results/temperature/T_0.8/car-f-92-20260831T171116Z-seed1001,g3-i8,3,crossover,g2-i17|g2-i19,11,4.926,59.110,12,4,(+ a (if (< c e) (* f g) (+ d e))),(+ (if (< c e) (* f g) (+ d e)) a)
results/temperature/T_0.8/car-f-92-20260831T171116Z-seed1001,g3-i9,3,crossover,g2-i3|g2-i12,2,4.750,14.249,14,4,(if (< e h) (+ (* f g) (* d e)) (+ d e)),(if (< e h) (+ (* d e) (* f g)) (+ d e))
results/temperature/T_0.8/car-f-92-20260831T171116Z-seed1001,g3-i10,3,crossover,g2-i3|g2-i12,6,4.663,32.638,12,4,(if (> e h) (* (+ f d) g) (+ e f)),(if (< h e) (* (+ d f) g) (+ e f))
results/temperature/T_0.8/car-f-92-20260831T171116Z-seed1001,g3-i11,3,crossover,g2-i12|g2-i7,10,4.540,49.943,12,4,(if (< e h) (* (+ d f) g) (+ a b)),(if (< e h) (* (+ d f) g) (+ a b))
results/temperature/T_0.8/car-f-92-20260831T171116Z-seed1001,g3-i12,3,crossover,g2-i12|g2-i7,57,2.171,125.907,12,4,(if (> e h) (* (- c d) f) (+ e h)),(if (< h e) (* (- c d) f) (+ e h))
results/temperature/T_0.8/car-f-92-20260831T171116Z-seed1001,g3-i13,3,mutation,g2-i8,35,3.381,121.717,14,4,(if (> a b) (* (+ c d) e) (+ f (- g h))),(if (< b a) (* (+ c d) e) (+ (- g h) f))
results/temperature/T_0.8/car-f-92-20260831T171116Z-seed1001,g3-i14,3,crossover,g2-e0|g2-i19,4,4.834,24.169,12,4,(if (< e h) (+ (* f g) a) (* d e)),(if (< e h) (+ (* f g) a) (* d e))
results/temperature/T_0.8/car-f-92-20260831T171116Z-seed1001,g3-i15,3,crossover,g2-e0|g2-i19,4,4.913,24.567,10,3,(if (> c e) (+ f g) (- b d)),(if (< e c) (+ f g) (- b d))
results/temperature/T_0.8/car-f-92-20260831T171116Z-seed1001,g3-i16,3,mutation,g2-i7,52,3.075,162.965,14,4,(if (> a b) (+ (* e f) g) (* (+ c d) h)),(if (< b a) (+ (* e f) g) (* (+ c d) h))
results/temperature/T_0.8/car-f-92-20260831T171116Z-seed1001,g3-i17,3,crossover,g2-e0|g2-i3,10,5.001,55.008,18,4,(if (< e h) (+ (* f g) (* d e)) (* (+ f g) (+ d e))),(if (< e h) (+ (* d e) (* f g)) (* (+ d e) (+ f g)))
results/temperature/T_0.8/car-f-92-20260831T171116Z-seed1001,g3-i18,3,crossover,g2-e0|g2-i3,16,4.432,75.343,18,4,(if (> e h) (+ (* f g) (* d e)) (* (+ f g) (+ d e))),(if (< h e) (+ (* d e) (* f g)) (* (+ d e) (+ f g)))
results/temperature/T_0.8/car-f-92-20260831T171116Z-seed1001,g3-i19,3,mutation,g2-i19,54,2.104,115.694,12,4,(if (< c e) (+ (* f g) a) (- b d)),(if (< c e) (+ (* f g) a) (- b d))
results/temperature/T_0.8/car-f-92-20260831T171116Z-seed1001,g4-e0,4,elitism,g3-e0,1,4.985,9.971,10,3,(if (< e h) (+ f g) (* d e)),(if (< e h) (+ f g) (* d e))
results/temperature/T_0.8/car-f-92-20260831T171116Z-seed1001,g4-i1,4,mutation,g3-i15,9,4.833,48.332,12,4,(if (> (+ c a) e) (* f g) (- b d)),(if (< e (+ a c)) (* f g) (- b d))
results/temperature/T_0.8/car-f-92-20260831T171116Z-seed1001,g4-i2,4,crossover,g3-i1|g3-i6,2,4.653,13.959,12,4,(if (< e h) (* f g) (+ d (+ e f))),(if (< e h) (* f g) (+ (+ e f) d))
results/temperature/T_0.8/car-f-92-20260831T171116Z-seed1001,g4-i3,4,crossover,g3-i1|g3-i6,15,4.166,66.653,14,4,(if (> a h) (+ f (* g d)) (* (+ e b) c)),(if (< h a) (+ (* d g) f) (* (+ b e) c))
results/temperature/T_0.8/car-f-92-20260831T171116Z-seed1001,g4-i4,4,mutation,g3-i15,46,3.803,178.732,10,3,(if (> f e) (+ c d) (- g b)),(if (< e f) (+ c d) (- g b))
results/temperature/T_0.8/car-f-92-20260831T171116Z-seed1001,g4-i5,4,crossover,g3-e0|g3-i3,6,4.854,33.978,10,3,(if (< e h) (* f g) (+ d e)),(if (< e h) (* f g) (+ d e))
results/temperature/T_0.8/car-f-92-20260831T171116Z-seed1001,g4-i6,4,mutation,g3-i14,3,4.837,19.350,14,4,(if (< e h) (+ (* f g) a) (* d (+ e f))),(if (< e h) (+ (* f g) a) (* (+ e f) d))
results/temperature/T_0.8/car-f-92-20260831T171116Z-seed1001,g4-i7,4,crossover,g3-i6|g3-i9,35,3.869,139.276,14,4,(if (< a h) (+ (* f g) d) (* (+ e b) c)),(if (< a h) (+ (* f g) d) (* (+ b e) c))
results/temperature/T_0.8/car-f-92-20260831T171116Z-seed1001,g4-i8,4,crossover,g3-i6|g3-i9,14,4.306,64.588,14,4,(if (> e h) (+ (* f g) (* d e)) (+ d e)),(if (< h e) (+ (* d e) (* f g)) (+ d e))
results/temperature/T_0.8/car-f-92-20260831T171116Z-seed1001,g4-i9,4,crossover,g3-e0|g3-i9,2,4.648,13.944,14,4,(if (< e h) (+ (* f g) (* d e)) (* d e)),(if (< e h) (+ (* d e) (* f g)) (* d e))
results/temperature/T_0.8/car-f-92-20260831T171116Z-seed1001,g4-i10,4,crossover,g3-e0|g3-i9,18,4.251,80.772,12,4,(if (< e h) (* (+ f g) d) (+ d e)),(if (< e h) (* (+ f g) d) (+ d e))
results/temperature/T_0.8/car-f-92-20260831T171116Z-seed1001,g4-i11,4,crossover,g3-e0|g3-i8,3,4.616,18.466,10,3,(if (< e h) (* f g) (+ d e)),(if (< e h) (* f g) (+ d e))
results/temperature/T_0.8/car-f-92-20260831T171116Z-seed1001,g4-i12,4,crossover,g3-e0|g3-i8,12,4.786,62.221,10,4,(+ (if (< c e) (* f g) d) a),(+ (if (< c e) (* f g) d) a)
results/temperature/T_0.8/car-f-92-20260831T171116Z-seed1001,g4-i13,4,crossover,g3-i14|g3-i10,7,4.472,35.774,12,4,(if (< e h) (* (+ f d) g) (+ e f)),(if (< e h) (* (+ d f) g) (+ e f))
results/temperature/T_0.8/car-f-92-20260831T171116Z-seed1001,g4-i14,4,crossover,g3-i14|g3-i10,48,2.966,145.313,12,4,(if (> e h) (+ (* f g) a) (* d e)),(if (< h e) (+ (* f g) a) (* d e))
results/temperature/T_0.8/car-f-92-20260831T171116Z-seed1001,g4-i15,4,crossover,g3-i9|g3-i15,13,4.554,63.757,16,4,(if (> f e) (* (+ d c) g) (+ (* b e) (* a h))),(if (< e f) (* (+ c d) g) (+ (* a h) (* b e)))
results/temperature/T_0.8/car-f-92-20260831T171116Z-seed1001,g4-i16,4,crossover,g3-i9|g3-i15,0,5.934,5.934,18,4,(if (< d h) (+ (- f g) (* c e)) (- (+ a b) (* e g))),(if (< d h) (+ (* c e) (- f g)) (- (+ a b) (* e g)))
results/temperature/T_0.8/car-f-92-20260831T171116Z-seed1001,g4-i17,4,mutation,g3-i6,3,4.704,18.818,14,4,(if (> b h) (+ (* f g) d) (* (+ e a) c)),(if (< h b) (+ (* f g) d) (* (+ a e) c))
results/temperature/T_0.8/car-f-92-20260831T171116Z-seed1001,g4-i18,4,crossover,g3-i1|g3-i14,4,5.304,26.520,14,4,(if (< e h) (+ (* f g) a) (* d (+ e f))),(if (< e h) (+ (* f g) a) (* (+ e f) d))
results/temperature/T_0.8/car-f-92-20260831T171116Z-seed1001,g4-i19,4,crossover,g3-i1|g3-i14,14,4.375,65.621,14,4,(if (< e h) (* (+ f g) d) (+ d (* e f))),(if (< e h) (* (+ f g) d) (+ (* e f) d))
results/temperature/T_0.8/car-f-92-20260831T171116Z-seed1001,g5-e0,5,elitism,g4-i16,0,5.934,5.934,18,4,(if (< d h) (+ (- f g) (* c e)) (- (+ a b) (* e g))),(if (< d h) (+ (* c e) (- f g)) (- (+ a b) (* e g)))
results/temperature/T_0.8/car-f-92-20260831T171116Z-seed1001,g5-i1,5,mutation,g4-i9,6,4.499,31.494,16,4,(if (< e h) (+ (* f g) (* d e)) (* d (+ e f))),(if (< e h) (+ (* d e) (* f g)) (* (+ e f) d))
results/temperature/T_0.8/car-f-92-20260831T171116Z-seed1001,g5-i2,5,crossover,g4-i18|g4-i17,13,4.409,61.720,14,4,(if (> e h) (* (+ f g) d) (+ (* b c) a)),(if (< h e) (* (+ f g) d) (+ (* b c) a))
results/temperature/T_0.8/car-f-92-20260831T171116Z-seed1001,g5-i3,5,crossover,g4-i18|g4-i17,60,2.565,156.436,14,4,(if (< f g) (+ (* e h) b) (* (+ c d) a)),(if (< f g) (+ (* e h) b) (* (+ c d) a))
results/temperature/T_0.8/car-f-92-20260831T171116Z-seed1001,g5-i4,5,mutation,g4-i2,42,3.081,132.492,14,4,(if (> c h) (+ (* d e) f) (- g (+ a b))),(if (< h c) (+ (* d e) f) (- g (+ a b)))
results/temperature/T_0.8/car-f-92-20260831T171116Z-seed1001,g5-i5,5,crossover,g4-i17|g4-i16,11,5.140,61.684,14,4,(if (> f h) (+ (* c g) d) (* (+ e a) b)),(if (< h f) (+ (* c g) d) (* (+ a e) b))
results/temperature/T_0.8/car-f-92-20260831T171116Z-seed1001,g5-i6,5,crossover,g4-i17|g4-i16,1,5.392,10.785,18,4,(if (< c h) (+ (- f g) (* d e)) (- (+ a b) (* e g))),(if (< c h) (+ (* d e) (- f g)) (- (+ a b) (* e g)))
results/temperature/T_0.8/car-f-92-20260831T171116Z-seed1001,g5-i7,5,crossover,g4-i11|g4-i17,3,4.629,18.517,14,4,(if (< e h) (+ (* f g) d) (* (+ e a) c)),(if (< e h) (+ (* f g) d) (* (+ a e) c))
results/temperature/T_0.8/car-f-92-20260831T171116Z-seed1001,g5-i8,5,crossover,g4-i11|g4-i17,2,5.127,15.381,10,3,(if (> b h) (* f g) (+ d e)),(if (< h b) (* f g) (+ d e))
results/temperature/T_0.8/car-f-92-20260831T171116Z-seed1001,g5-i9,5,crossover,g4-i2|g4-i9,3,4.644,18.575,16,4,(if (< e h) (+ (* f g) (* d e)) (+ d (+ e f))),(if (< e h) (+ (* d e) (* f g)) (+ (+ e f) d))
results/temperature/T_0.8/car-f-92-20260831T171116Z-seed1001,g5-i10,5,crossover,g4-i2|g4-i9,9,4.503,45.026,14,4,(if (< e h) (* (+ f d) g) (* d (+ e f))),(if (< e h) (* (+ d f) g) (* (+ e f) d))
results/temperature/T_0.8/car-f-92-20260831T171116Z-seed1001,g5-i11,5,crossover,g4-i16|g4-i6,9,4.824,48.245,18,4,(if (< d h) (+ (* c e) (- f g)) (* (+ a b) (+ e g))),(if (< d h) (+ (* c e) (- f g)) (* (+ a b) (+ e g)))
results/temperature/T_0.8/car-f-92-20260831T171116Z-seed1001,g5-i12,5,mutation,g4-i16,46,2.845,133.710,18,4,(if (> d h) (+ (- f g) (* c e)) (- (+ a b) (* e g))),(if (< h d) (+ (* c e) (- f g)) (- (+ a b) (* e g)))
results/temperature/T_0.8/car-f-92-20260831T171116Z-seed1001,g5-i13,5,crossover,g4-i11|g4-i16,4,5.099,25.494,10,3,(if (< e h) (+ f g) (* d e)),(if (< e h) (+ f g) (* d e))
results/temperature/T_0.8/car-f-92-20260831T171116Z-seed1001,g5-i14,5,crossover,g4-i11|g4-i16,43,3.291,144.792,12,4,(if (> d h) (- (* c e) f) (+ a b)),(if (< h d) (- (* c e) f) (+ a b))
results/temperature/T_0.8/car-f-92-20260831T171116Z-seed1001,g5-i15,5,crossover,g4-i2|g4-e0,7,4.384,35.070,12,4,(if (< e h) (* f d) (+ d (+ e f))),(if (< e h) (* d f) (+ (+ e f) d))
results/temperature/T_0.8/car-f-92-20260831T171116Z-seed1001,g5-i16,5,crossover,g4-i2|g4-e0,10,4.428,48.713,12,4,(if (> e h) (+ f g) (* d (+ e f))),(if (< h e) (+ f g) (* (+ e f) d))
results/temperature/T_0.8/car-f-92-20260831T171116Z-seed1001,g5-i17,5,mutation,g4-i16,49,3.319,165.935,18,4,(if (> d h) (+ (- f g) (* c e)) (- (+ a b) (* e g))),(if (< h d) (+ (* c e) (- f g)) (- (+ a b) (* e g)))
results/temperature/T_0.8/car-f-92-20260831T171116Z-seed1001,g5-i18,5,crossover,g4-i5|g4-i16,4,4.385,21.924,10,3,(if (< e h) (+ f g) (* d e)),(if (< e h) (+ f g) (* d e))
results/temperature/T_0.8/car-f-92-20260831T171116Z-seed1001,g5-i19,5,crossover,g4-i5|g4-i16,54,2.417,132.945,12,4,(if (> d h) (- (* c e) g) (+ a b)),(if (< h d) (- (* c e) g) (+ a b))
results/temperature/T_0.8/car-f-92-20260831T171116Z-seed1001,g6-e0,6,elitism,g5-e0,0,5.934,5.934,18,4,(if (< d h) (+ (- f g) (* c e)) (- (+ a b) (* e g))),(if (< d h) (+ (* c e) (- f g)) (- (+ a b) (* e g)))
results/temperature/T_0.8/car-f-92-20260831T171116Z-seed1001,g6-i1,6,crossover,g5-i6|g5-i6,0,5.273,5.273,18,4,(if (< c h) (+ (* f g) (- d e)) (- (+ a b) (* e g))),(if (< c h) (+ (* f g) (- d e)) (- (+ a b) (* e g)))
results/temperature/T_0.8/car-f-92-20260831T171116Z-seed1001,g6-i2,6,crossover,g5-i6|g5-i6,41,3.543,148.800,18,4,(if (> c h) (+ (- f g) (* d e)) (+ (+ a b) (* e g))),(if (< h c) (+ (* d e) (- f g)) (+ (* e g) (+ a b)))
results/temperature/T_0.8/car-f-92-20260831T171116Z-seed1001,g6-i3,6,crossover,g5-i8|g5-i16,14,4.599,68.992,14,4,(if (> f h) (+ (* b g) e) (* d (+ c f))),(if (< h f) (+ (* b g) e) (* (+ c f) d))
results/temperature/T_0.8/car-f-92-20260831T171116Z-seed1001,g6-i4,6,crossover,g5-i8|g5-i16,9,4.645,46.453,14,4,(if (<= e h) (* (+ b f) g) (+ d (* e f))),(if (<= e h) (* (+ b f) g) (+ (* e f) d))
results/temperature/T_0.8/car-f-92-20260831T171116Z-seed1001,g6-i5,6,crossover,g5-i7|g5-i7,3,4.820,19.279,14,4,(if (< e h) (+ (* f g) d) (+ (* e c) a)),(if (< e h) (+ (* f g) d) (+ (* c e) a))
results/temperature/T_0.8/car-f-92-20260831T171116Z-seed1001,g6-i6,6,crossover,g5-i7|g5-i7,37,4.135,157.135,14,4,(if (> e h) (* (+ f b) d) (+ (* e a) c)),(if (< h e) (* (+ b f) d) (+ (* a e) c))
results/temperature/T_0.8/car-f-92-20260831T171116Z-seed1001,g6-i7,6,crossover,g5-i7|g5-e0,44,2.996,134.824,14,4,(if (< f h) (* (+ d e) g) (+ (- c a) b)),(if (< f h) (* (+ d e) g) (+ (- c a) b))
results/temperature/T_0.8/car-f-92-20260831T171116Z-seed1001,g6-i8,6,crossover,g5-i7|g5-e0,29,4.678,140.348,16,4,(if (> a e) (+ (* b f) c) (- (+ g d) (* e f))),(if (< e a) (+ (* b f) c) (- (+ d g) (* e f)))
results/temperature/T_0.8/car-f-92-20260831T171116Z-seed1001,g6-i9,6,mutation,g5-i8,5,4.804,28.825,10,3,(if (> c h) (+ f g) (* d e)),(if (< h c) (+ f g) (* d e))
results/temperature/T_0.8/car-f-92-20260831T171116Z-seed1001,g6-i10,6,crossover,g5-i7|g5-i6,4,4.585,22.924,18,4,(if (< e h) (+ (* f g) (* d e)) (- (+ a b) (* e g))),(if (< e h) (+ (* d e) (* f g)) (- (+ a b) (* e g)))
results/temperature/T_0.8/car-f-92-20260831T171116Z-seed1001,g6-i11,6,crossover,g5-i6|g5-i6,0,5.508,5.508,18,4,(if (< c h) (+ (* f g) (- d e)) (- (+ a b) (* e g))),(if (< c h) (+ (* f g) (- d e)) (- (+ a b) (* e g)))
results/temperature/T_0.8/car-f-92-20260831T171116Z-seed1001,g6-i12,6,crossover,g5-i6|g5-i6,20,3.460,72.657,18,4,(if (> c h) (- (+ f g) (* d e)) (+ (- a b) (* e g))),(if (< h c) (- (+ f g) (* d e)) (+ (* e g) (- a b)))
results/temperature/T_0.8/car-f-92-20260831T171116Z-seed1001,g6-i13,6,mutation,g5-e0,48,3.235,158.514,18,4,(if (> d h) (+ (- f g) (* c e)) (- (+ a b) (* e g))),(if (< h d) (+ (* c e) (- f g)) (- (+ a b) (* e g)))
results/temperature/T_0.8/car-f-92-20260831T171116Z-seed1001,g6-i14,6,crossover,g5-i1|g5-i9,4,4.642,23.210,18,4,(if (< e h) (+ (* f g) (* d e)) (+ (* d e) (* f g))),(if (< e h) (+ (* d e) (* f g)) (+ (* d e) (* f g)))
results/temperature/T_0.8/car-f-92-20260831T171116Z-seed1001,g6-i15,6,crossover,g5-i1|g5-i9,16,4.164,70.788,18,4,(if (< e h) (* (+ d e) (+ f g)) (+ (* f g) (* d e))),(if (< e h) (* (+ d e) (+ f g)) (+ (* d e) (* f g)))
results/temperature/T_0.8/car-f-92-20260831T171116Z-seed1001,g6-i16,6,crossover,g5-i10|g5-i7,7,4.822,38.578,18,4,(if (< e h) (+ (* f g) (* d c)) (* (+ e a) (+ f d))),(if (< e h) (+ (* c d) (* f g)) (* (+ a e) (+ d f)))
results/temperature/T_0.8/car-f-92-20260831T171116Z-seed1001,g6-i17,6,crossover,g5-i10|g5-i7,10,4.855,53.408,18,4,(if (< e h) (* (+ f d) (+ e a)) (+ (* e g) (* c d))),(if (< e h) (* (+ a e) (+ d f)) (+ (* c d) (* e g)))
results/temperature/T_0.8/car-f-92-20260831T171116Z-seed1001,g6-i18,6,mutation,g5-i6,38,3.313,129.194,18,4,(if (> c h) (+ (- f g) (* d e)) (- (+ a b) (* e g))),(if (< h c) (+ (* d e) (- f g)) (- (+ a b) (* e g)))
results/temperature/T_0.8/car-f-92-20260831T171116Z-seed1001,g6-i19,6,mutation,g5-e0,42,3.360,144.473,18,4,(if (> d h) (+ (- f g) (* c e)) (- (+ a b) (* e g))),(if (< h d) (+ (* c e) (- f g)) (- (+ a b) (* e g)))
results/temperature/T_0.8/car-f-92-20260831T171116Z-seed1001,g7-e0,7,elitism,g6-i1,0,5.273,5.273,18,4,(if (< c h) (+ (* f g) (- d e)) (- (+ a b) (* e g))),(if (< c h) (+ (* f g) (- d e)) (- (+ a b) (* e g)))
results/temperature/T_0.8/car-f-92-20260831T171116Z-seed1001,g7-i1,7,crossover,g6-i17|g6-i3,2,4.845,14.535,18,4,(if (< e h) (+ (* f g) (+ e a)) (* (+ c d) (+ b d))),(if (< e h) (+ (* f g) (+ a e)) (* (+ b d) (+ c d)))
results/temperature/T_0.8/car-f-92-20260831T171116Z-seed1001,g7-i2,7,crossover,g6-i17|g6-i3,10,4.606,50.661,18,4,(if (> f h) (* (+ b g) (+ e a)) (+ (* c g) (* f d))),(if (< h f) (* (+ a e) (+ b g)) (+ (* c g) (* d f)))
results/temperature/T_0.8/car-f-92-20260831T171116Z-seed1001,g7-i3,7,crossover,g6-e0|g6-i1,2,5.348,16.043,18,4,(if (< d h) (+ (* f g) (- c e)) (- (+ a b) (* e g))),(if (< d h) (+ (* f g) (- c e)) (- (+ a b) (* e g)))
results/temperature/T_0.8/car-f-92-20260831T171116Z-seed1001,g7-i4,7,crossover,g6-e0|g6-i1,59,1.809,108.563,18,4,(if (< c h) (- (+ f g) (* d e)) (+ (- a b) (* e g))),(if (< c h) (- (+ f g) (* d e)) (+ (* e g) (- a b)))
results/temperature/T_0.8/car-f-92-20260831T171116Z-seed1001,g7-i5,7,mutation,g6-i9,24,4.508,112.691,10,3,(if (< a b) (* f g) (+ d e)),(if (< a b) (* f g) (+ d e))
results/temperature/T_0.8/car-f-92-20260831T171116Z-seed1001,g7-i6,7,crossover,g6-i11|g6-e0,30,4.838,149.979,18,4,(if (< f h) (+ (* c g) (- d e)) (- (+ a b) (* e g))),(if (< f h) (+ (* c g) (- d e)) (- (+ a b) (* e g)))
results/temperature/T_0.8/car-f-92-20260831T171116Z-seed1001,g7-i7,7,crossover,g6-i11|g6-e0,0,5.323,5.323,18,4,(if (< c h) (+ (- f g) (* d e)) (- (+ a b) (* e g))),(if (< c h) (+ (* d e) (- f g)) (- (+ a b) (* e g)))
results/temperature/T_0.8/car-f-92-20260831T171116Z-seed1001,g7-i8,7,crossover,g6-i5|g6-i1,32,3.634,119.915,14,4,(if (< f h) (* (+ d e) g) (+ (* a c) b)),(if (< f h) (* (+ d e) g) (+ (* a c) b))
results/temperature/T_0.8/car-f-92-20260831T171116Z-seed1001,g7-i9,7,crossover,g6-i5|g6-i1,11,4.546,54.557,18,4,(if (> e h) (- (+ f d) (* g c)) (* (+ a b) (+ e d))),(if (< h e) (- (+ d f) (* c g)) (* (+ a b) (+ d e)))
results/temperature/T_0.8/car-f-92-20260831T171116Z-seed1001,g7-i10,7,mutation,g6-i5,42,2.958,127.186,14,4,(if (< a h) (+ (* f g) d) (+ (* e c) b)),(if (< a h) (+ (* f g) d) (+ (* c e) b))
results/temperature/T_0.8/car-f-92-20260831T171116Z-seed1001,g7-i11,7,crossover,g6-i11|g6-i10,2,5.299,15.897,18,4,(if (< c h) (+ (* f g) (* d e)) (- (+ a b) (* e g))),(if (< c h) (+ (* d e) (* f g)) (- (+ a b) (* e g)))
results/temperature/T_0.8/car-f-92-20260831T171116Z-seed1001,g7-i12,7,crossover,g6-i11|g6-i10,6,4.837,33.861,18,4,(if (< e h) (+ (* f g) (- d e)) (- (+ a b) (* e g))),(if (< e h) (+ (* f g) (- d e)) (- (+ a b) (* e g)))
results/temperature/T_0.8/car-f-92-20260831T171116Z-seed1001,g7-i13,7,mutation,g6-e0,48,3.127,153.228,18,4,(if (> d h) (+ (- f g) (* c e)) (- (+ a b) (* e g))),(if (< h d) (+ (* c e) (- f g)) (- (+ a b) (* e g)))
results/temperature/T_0.8/car-f-92-20260831T171116Z-seed1001,g7-i14,7,crossover,g6-i11|g6-i1,58,3.261,192.407,18,4,(if (< c h) (+ (* f g) (- d e)) (+ (* a b) (* e g))),(if (< c h) (+ (* f g) (- d e)) (+ (* a b) (* e g)))
results/temperature/T_0.8/car-f-92-20260831T171116Z-seed1001,g7-i15,7,crossover,g6-e0|g6-i10,1,5.429,10.858,18,4,(if (< d h) (+ (* f g) (* c e)) (- (+ a b) (* e g))),(if (< d h) (+ (* c e) (* f g)) (- (+ a b) (* e g)))
results/temperature/T_0.8/car-f-92-20260831T171116Z-seed1001,g7-i16,7,crossover,g6-e0|g6-i10,20,3.846,80.770,18,4,(if (< e h) (- (+ f g) (* d e)) (+ (+ a b) (* e g))),(if (< e h) (- (+ f g) (* d e)) (+ (* e g) (+ a b)))
results/temperature/T_0.8/car-f-92-20260831T171116Z-seed1001,g7-i17,7,crossover,g6-i1|g6-i11,63,2.322,148.615,18,4,(if (< c h) (+ (* f g) (- d e)) (+ (* a b) (* e g))),(if (< c h) (+ (* f g) (- d e)) (+ (* a b) (* e g)))
results/temperature/T_0.8/car-f-92-20260831T171116Z-seed1001,g7-i18,7,crossover,g6-i1|g6-i11,25,3.134,81.474,18,4,(if (> c h) (- (+ f g) (* d e)) (* (+ a b) (- e g))),(if (< h c) (- (+ f g) (* d e)) (* (+ a b) (- e g)))
results/temperature/T_0.8/car-f-92-20260831T171116Z-seed1001,g7-i19,7,mutation,g6-e0,46,2.984,140.227,18,4,(if (> d h) (+ (- f g) (* c e)) (- (+ a b) (* e g))),(if (< h d) (+ (* c e) (- f g)) (- (+ a b) (* e g)))
results/temperature/T_0.8/car-f-92-20260831T171116Z-seed1001,g8-e0,8,elitism,g7-e0,0,5.273,5.273,18,4,(if (< c h) (+ (* f g) (- d e)) (- (+ a b) (* e g))),(if (< c h) (+ (* f g) (- d e)) (- (+ a b) (* e g)))
results/temperature/T_0.8/car-f-92-20260831T171116Z-seed1001,g8-i1,8,crossover,g7-i15|g7-i2,4,4.683,23.417,18,4,(if (> c h) (+ (* f g) (* e d)) (- (+ a b) (* g h))),(if (< h c) (+ (* d e) (* f g)) (- (+ a b) (* g h)))
results/temperature/T_0.8/car-f-92-20260831T171116Z-seed1001,g8-i2,8,mutation,g7-i7,37,3.361,127.713,18,4,(if (> c h) (+ (- f g) (* d e)) (- (+ a b) (* e g))),(if (< h c) (+ (* d e) (- f g)) (- (+ a b) (* e g)))
results/temperature/T_0.8/car-f-92-20260831T171116Z-seed1001,g8-i3,8,crossover,g7-i3|g7-i7,31,4.350,139.215,18,4,(if (< f h) (+ (* c g) (- d e)) (- (+ a b) (* e g))),(if (< f h) (+ (* c g) (- d e)) (- (+ a b) (* e g)))
results/temperature/T_0.8/car-f-92-20260831T171116Z-seed1001,g8-i4,8,crossover,g7-i3|g7-i7,1,5.718,11.436,18,4,(if (< d h) (+ (- f g) (* c e)) (- (+ a b) (* e g))),(if (< d h) (+ (* c e) (- f g)) (- (+ a b) (* e g)))
results/temperature/T_0.8/car-f-92-20260831T171116Z-seed1001,g8-i5,8,crossover,g7-i11|g7-i5,44,3.613,162.576,16,4,(if (< f g) (* (+ a b) e) (+ (* c d) (- h e))),(if (< f g) (* (+ a b) e) (+ (* c d) (- h e)))
results/temperature/T_0.8/car-f-92-20260831T171116Z-seed1001,g8-i6,8,crossover,g7-i11|g7-i5,7,4.500,35.998,16,4,(if (> a b) (+ (* f g) e) (- (+ c d) (* h e))),(if (< b a) (+ (* f g) e) (- (+ c d) (* e h)))
results/temperature/T_0.8/car-f-92-20260831T171116Z-seed1001,g8-i7,8,mutation,g7-i2,12,4.455,57.909,18,4,(if (< f h) (+ (* b g) (* e a)) (* (+ c g) (+ f d))),(if (< f h) (+ (* a e) (* b g)) (* (+ c g) (+ d f)))
results/temperature/T_0.8/car-f-92-20260831T171116Z-seed1001,g8-i8,8,crossover,g7-i1|g7-e0,36,3.653,135.150,18,4,(if (< f h) (* (+ e g) (+ a b)) (+ (* c d) (- d e))),(if (< f h) (* (+ a b) (+ e g)) (+ (* c d) (- d e)))
results/temperature/T_0.8/car-f-92-20260831T171116Z-seed1001,g8-i9,8,crossover,g7-i1|g7-e0,8,4.754,42.784,18,4,(if (> e h) (+ (* f g) (+ c a)) (* (+ b d) (+ e f))),(if (< h e) (+ (* f g) (+ a c)) (* (+ b d) (+ e f)))
results/temperature/T_0.8/car-f-92-20260831T171116Z-seed1001,g8-i10,8,crossover,g7-i15|g7-i1,5,4.651,27.904,18,4,(if (< d h) (+ (* f g) (* c e)) (* (+ a b) (+ e g))),(if (< d h) (+ (* c e) (* f g)) (* (+ a b) (+ e g)))
results/temperature/T_0.8/car-f-92-20260831T171116Z-seed1001,g8-i11,8,crossover,g7-i15|g7-i1,6,4.853,33.973,18,4,(if (< e h) (+ (* f g) (* e a)) (- (+ c d) (* b d))),(if (< e h) (+ (* a e) (* f g)) (- (+ c d) (* b d)))
results/temperature/T_0.8/car-f-92-20260831T171116Z-seed1001,g8-i12,8,mutation,g7-i16,0,4.845,4.845,18,4,(if (> e h) (+ (+ f g) (* d e)) (- (+ a b) (* e g))),(if (< h e) (+ (* d e) (+ f g)) (- (+ a b) (* e g)))
results/temperature/T_0.8/car-f-92-20260831T171116Z-seed1001,g8-i13,8,crossover,g7-e0|g7-i7,6,4.836,33.853,18,4,(if (< c h) (+ (* f g) (* d e)) (- (+ a b) (+ e g))),(if (< c h) (+ (* d e) (* f g)) (- (+ a b) (+ e g)))
results/temperature/T_0.8/car-f-92-20260831T171116Z-seed1001,g8-i14,8,crossover,g7-e0|g7-i7,12,5.088,66.147,18,4,(if (> c h) (- (* f g) (+ d e)) (+ (- a b) (* e g))),(if (< h c) (- (* f g) (+ d e)) (+ (* e g) (- a b)))
results/temperature/T_0.8/car-f-92-20260831T171116Z-seed1001,g8-i15,8,mutation,g7-i2,13,4.694,65.714,18,4,(if (< f h) (+ (* b g) (* e a)) (+ (* c g) (* f d))),(if (< f h) (+ (* a e) (* b g)) (+ (* c g) (* d f)))
results/temperature/T_0.8/car-f-92-20260831T171116Z-seed1001,g8-i16,8,crossover,g7-i16|g7-i7,2,4.801,14.403,18,4,(if (< e h) (+ (* f g) (- d e)) (- (+ a b) (* e g))),(if (< e h) (+ (* f g) (- d e)) (- (+ a b) (* e g)))
results/temperature/T_0.8/car-f-92-20260831T171116Z-seed1001,g8-i17,8,crossover,g7-i16|g7-i7,10,4.521,49.728,18,4,(if (> c h) (* (+ f g) (- d e)) (+ (- a b) (* e g))),(if (< h c) (* (+ f g) (- d e)) (+ (* e g) (- a b)))
results/temperature/T_0.8/car-f-92-20260831T171116Z-seed1001,g8-i18,8,crossover,g7-e0|g7-i1,9,4.747,47.471,18,4,(if (< e h) (* (+ f g) (+ e a)) (+ (* c d) (- b d))),(if (< e h) (* (+ a e) (+ f g)) (+ (* c d) (- b d)))
results/temperature/T_0.8/car-f-92-20260831T171116Z-seed1001,g8-i19,8,crossover,g7-e0|g7-i1,7,4.960,39.682,18,4,(if (> c h) (+ (* f g) (- d e)) (* (+ a b) (+ e g))),(if (< h c) (+ (* f g) (- d e)) (* (+ a b) (+ e g)))
results/temperature/T_0.8/car-f-92-20260831T171116Z-seed1001,g9-e0,9,elitism,g8-i12,0,4.845,4.845,18,4,(if (> e h) (+ (+ f g) (* d e)) (- (+ a b) (* e g))),(if (< h e) (+ (* d e) (+ f g)) (- (+ a b) (* e g)))
results/temperature/T_0.8/car-f-92-20260831T171116Z-seed1001,g9-i1,9,mutation,g8-i17,42,4.072,175.114,18,4,(if (< c h) (+ (* f g) (- d e)) (* (+ a b) (/ e g))),(if (< c h) (+ (* f g) (- d e)) (* (+ a b) (/ e g)))
results/temperature/T_0.8/car-f-92-20260831T171116Z-seed1001,g9-i2,9,crossover,g8-i9|g8-e0,5,4.735,28.410,18,4,(if (< e h) (* (+ f g) (+ c d)) (+ (* b a) (- e f))),(if (< e h) (* (+ c d) (+ f g)) (+ (* a b) (- e f)))
results/temperature/T_0.8/car-f-92-20260831T171116Z-seed1001,g9-i3,9,crossover,g8-i9|g8-e0,21,3.294,72.461,18,4,(if (>= c h) (- (+ f g) (* d e)) (+ (* a b) (+ e f))),(if (<= h c) (- (+ f g) (* d e)) (+ (* a b) (+ e f)))
results/temperature/T_0.8/car-f-92-20260831T171116Z-seed1001,g9-i4,9,mutation,g8-i12,36,3.535,130.785,18,4,(if (< e h) (+ (+ f g) (* d e)) (- (+ a b) (* e g))),(if (< e h) (+ (* d e) (+ f g)) (- (+ a b) (* e g)))
results/temperature/T_0.8/car-f-92-20260831T171116Z-seed1001,g9-i5,9,mutation,g8-i12,36,3.673,135.891,18,4,(if (> f h) (+ (+ f g) (* d e)) (- (+ a b) (* e g))),(if (< h f) (+ (* d e) (+ f g)) (- (+ a b) (* e g)))
results/temperature/T_0.8/car-f-92-20260831T171116Z-seed1001,g9-i6,9,crossover,g8-i12|g8-i10,9,4.880,48.795,18,4,(if (< e h) (+ (* f g) (* c e)) (* (+ a b) (+ e g))),(if (< e h) (+ (* c e) (* f g)) (* (+ a b) (+ e g)))
results/temperature/T_0.8/car-f-92-20260831T171116Z-seed1001,g9-i7,9,crossover,g8-i12|g8-i10,24,3.150,78.760,18,4,(if (> d h) (- (+ f g) (* d e)) (+ (+ a b) (* e g))),(if (< h d) (- (+ f g) (* d e)) (+ (* e g) (+ a b)))
results/temperature/T_0.8/car-f-92-20260831T171116Z-seed1001,g9-i8,9,mutation,g8-i13,13,4.404,61.657,18,4,(if (> c h) (* (+ f g) (+ d e)) (- (+ a b) (+ e g))),(if (< h c) (* (+ d e) (+ f g)) (- (+ a b) (+ e g)))
results/temperature/T_0.8/car-f-92-20260831T171116Z-seed1001,g9-i9,9,crossover,g8-i16|g8-i16,58,2.549,150.397,18,4,(if (> f g) (* (+ a b) (- d e)) (+ (* e h) (/ c g))),(if (< g f) (* (+ a b) (- d e)) (+ (* e h) (/ c g)))
results/temperature/T_0.8/car-f-92-20260831T171116Z-seed1001,g9-i10,9,crossover,g8-i16|g8-i16,59,2.388,143.298,18,4,(if (<= c h) (+ (- a b) (* e f)) (- (+ d f) (/ g e))),(if (<= c h) (+ (* e f) (- a b)) (- (+ d f) (/ g e)))
results/temperature/T_0.8/car-f-92-20260831T171116Z-seed1001,g9-i11,9,crossover,g8-i1|g8-e0,59,2.868,172.065,18,4,(if (< c h) (+ (* f g) (- d e)) (+ (* a b) (* e g))),(if (< c h) (+ (* f g) (- d e)) (+ (* a b) (* e g)))
results/temperature/T_0.8/car-f-92-20260831T171116Z-seed1001,g9-i12,9,crossover,g8-i1|g8-e0,6,4.901,34.307,18,4,(if (> c h) (- (+ a b) (* g h)) (* (+ f d) (- e g))),(if (< h c) (- (+ a b) (* g h)) (* (+ d f) (- e g)))
results/temperature/T_0.8/car-f-92-20260831T171116Z-seed1001,g9-i13,9,crossover,g8-e0|g8-e0,42,3.387,145.634,18,4,(if (> f g) (* (+ a b) (- c e)) (+ (- d h) (* e f))),(if (< g f) (* (+ a b) (- c e)) (+ (* e f) (- d h)))
results/temperature/T_0.8/car-f-92-20260831T171116Z-seed1001,g9-i14,9,crossover,g8-e0|g8-e0,0,5.347,5.347,18,4,(if (<= c h) (+ (* f g) (- d e)) (- (+ a b) (* e g))),(if (<= c h) (+ (* f g) (- d e)) (- (+ a b) (* e g)))
results/temperature/T_0.8/car-f-92-20260831T171116Z-seed1001,g9-i15,9,crossover,g8-i4|g8-e0,1,5.346,10.692,18,4,(if (< d h) (+ (* f g) (- c e)) (- (+ a b) (* e g))),(if (< d h) (+ (* f g) (- c e)) (- (+ a b) (* e g)))
results/temperature/T_0.8/car-f-92-20260831T171116Z-seed1001,g9-i16,9,crossover,g8-i4|g8-e0,59,1.841,110.459,18,4,(if (< c h) (- (+ f g) (* d e)) (+ (- a b) (* e g))),(if (< c h) (- (+ f g) (* d e)) (+ (* e g) (- a b)))
results/temperature/T_0.8/car-f-92-20260831T171116Z-seed1001,g9-i17,9,crossover,g8-i4|g8-i17,59,2.005,120.309,18,4,(if (< d h) (* (+ f g) (- d e)) (+ (- a b) (* e g))),(if (< d h) (* (+ f g) (- d e)) (+ (* e g) (- a b)))
results/temperature/T_0.8/car-f-92-20260831T171116Z-seed1001,g9-i18,9,crossover,g8-i4|g8-i16,2,5.373,16.120,18,4,(if (< d h) (+ (* f g) (* c e)) (- (+ a b) (* e g))),(if (< d h) (+ (* c e) (* f g)) (- (+ a b) (* e g)))
results/temperature/T_0.8/car-f-92-20260831T171116Z-seed1001,g9-i19,9,crossover,g8-i4|g8-i16,57,2.281,132.324,18,4,(if (> e h) (- (+ f g) (+ d e)) (+ (+ a b) (* e g))),(if (< h e) (- (+ f g) (+ d e)) (+ (* e g) (+ a b)))
results/temperature/T_1.0/car-f-92-20260831T180221Z-seed1001,init-i0,-1,initial,,9,4.444,44.439,7,4,(+ a (+ b (* c d))),(+ (+ (* c d) b) a)
results/temperature/T_1.0/car-f-92-20260831T180221Z-seed1001,init-i1,-1,initial,,32,3.285,108.420,10,3,(if (< e f) (+ g h) (- a b)),(if (< e f) (+ g h) (- a b))
results/temperature/T_1.0/car-f-92-20260831T180221Z-seed1001,init-i2,-1,initial,,56,1.922,109.531,7,3,(* (+ d e) (- f g)),(* (+ d e) (- f g))
results/temperature/T_1.0/car-f-92-20260831T180221Z-seed1001,init-i3,-1,initial,,12,4.588,59.650,9,4,(+ (+ a b) (* c (+ d e))),(+ (* (+ d e) c) (+ a b))
results/temperature/T_1.0/car-f-92-20260831T180221Z-seed1001,init-i4,-1,initial,,9,4.761,47.605,3,2,(+ a b),(+ a b)
results/temperature/T_1.0/car-f-92-20260831T180221Z-seed1001,init-i5,-1,initial,,8,4.555,40.993,10,3,(if (< e h) (* c d) (+ f g)),(if (< e h) (* c d) (+ f g))
results/temperature/T_1.0/car-f-92-20260831T180221Z-seed1001,init-i6,-1,initial,,51,2.394,124.479,7,3,(* (+ a b) (- c d)),(* (+ a b) (- c d))
results/temperature/T_1.0/car-f-92-20260831T180221Z-seed1001,init-i7,-1,initial,,11,4.740,56.881,7,3,(+ (* a b) (/ c d)),(+ (* a b) (/ c d))
results/temperature/T_1.0/car-f-92-20260831T180221Z-seed1001,init-i8,-1,initial,,10,4.634,50.975,5,3,(+ a (+ b c)),(+ (+ b c) a)
results/temperature/T_1.0/car-f-92-20260831T180221Z-seed1001,init-i9,-1,initial,,5,4.545,27.270,10,3,(if (< e h) (* f g) (+ d e)),(if (< e h) (* f g) (+ d e))
results/temperature/T_1.0/car-f-92-20260831T180221Z-seed1001,init-i10,-1,initial,,52,2.074,109.936,7,3,(* (+ a b) (- c d)),(* (+ a b) (- c d))
results/temperature/T_1.0/car-f-92-20260831T180221Z-seed1001,init-i11,-1,initial,,9,4.646,46.457,7,3,(+ (+ e f) (* g h)),(+ (* g h) (+ e f))
results/temperature/T_1.0/car-f-92-20260831T180221Z-seed1001,init-i12,-1,initial,,10,4.736,52.091,3,2,(+ a b),(+ a b)
results/temperature/T_1.0/car-f-92-20260831T180221Z-seed1001,init-i13,-1,initial,,15,4.456,71.292,10,3,(if (< e h) (* c d) (+ f g)),(if (< e h) (* c d) (+ f g))
results/temperature/T_1.0/car-f-92-20260831T180221Z-seed1001,init-i14,-1,initial,,56,1.831,104.366,7,3,(* (+ a b) (- c d)),(* (+ a b) (- c d))
results/temperature/T_1.0/car-f-92-20260831T180221Z-seed1001,init-i15,-1,initial,,8,4.646,41.816,7,3,(+ (* a b) (/ f g)),(+ (* a b) (/ f g))
results/temperature/T_1.0/car-f-92-20260831T180221Z-seed1001,init-i16,-1,initial,,10,4.693,51.626,7,3,(* (+ a b) (+ c d)),(* (+ a b) (+ c d))
results/temperature/T_1.0/car-f-92-20260831T180221Z-seed1001,init-i17,-1,initial,,45,2.904,133.575,7,3,(+ (* e f) (- g h)),(+ (* e f) (- g h))
results/temperature/T_1.0/car-f-92-20260831T180221Z-seed1001,init-i18,-1,initial,,56,2.872,163.709,10,3,(if (< a b) (+ c d) (* e f)),(if (< a b) (+ c d) (* e f))
results/temperature/T_1.0/car-f-92-20260831T180221Z-seed1001,init-i19,-1,initial,,53,2.309,124.664,7,3,(- (+ a b) (* c d)),(- (+ a b) (* c d))
results/temperature/T_1.0/car-f-92-20260831T180221Z-seed1001,g0-e0,0,elitism,init-i9,5,4.545,27.270,10,3,(if (< e h) (* f g) (+ d e)),(if (< e h) (* f g) (+ d e))
results/temperature/T_1.0/car-f-92-20260831T180221Z-seed1001,g0-i1,0,crossover,init-i5|init-i4,4,4.735,23.676,14,4,(if (> e h) (+ (* c d) (* f g)) (+ a b)),(if (< h e) (+ (* c d) (* f g)) (+ a b))
results/temperature/T_1.0/car-f-92-20260831T180221Z-seed1001,g0-i2,0,crossover,init-i5|init-i4,18,4.948,94.009,11,4,(+ (* (/ e h) (+ f g)) (* a b)),(+ (* (+ f g) (/ e h)) (* a b))
results/temperature/T_1.0/car-f-92-20260831T180221Z-seed1001,g0-i3,0,crossover,init-i4|init-i1,32,3.349,110.513,10,3,(if (< e f) (+ g h) (+ a b)),(if (< e f) (+ g h) (+ a b))
results/temperature/T_1.0/car-f-92-20260831T180221Z-seed1001,g0-i4,0,crossover,init-i11|init-i7,47,2.799,134.334,7,3,(+ (* e f) (+ g h)),(+ (* e f) (+ g h))
results/temperature/T_1.0/car-f-92-20260831T180221Z-seed1001,g0-i5,0,crossover,init-i11|init-i7,47,3.063,147.033,10,3,(if (< a b) (+ c d) (* e f)),(if (< a b) (+ c d) (* e f))
results/temperature/T_1.0/car-f-92-20260831T180221Z-seed1001,g0-i6,0,crossover,init-i4|init-i15,2,4.760,14.281,10,3,(if (< a b) (* a b) (+ f g)),(if (< a b) (* a b) (+ f g))
results/temperature/T_1.0/car-f-92-20260831T180221Z-seed1001,g0-i7,0,crossover,init-i4|init-i15,17,4.392,79.050,7,4,(+ (* (/ f g) a) b),(+ (* (/ f g) a) b)
results/temperature/T_1.0/car-f-92-20260831T180221Z-seed1001,g0-i8,0,crossover,init-i15|init-i11,51,3.201,166.474,7,3,(+ (* e f) (/ a h)),(+ (* e f) (/ a h))
results/temperature/T_1.0/car-f-92-20260831T180221Z-seed1001,g0-i9,0,crossover,init-i15|init-i11,11,4.407,52.888,10,3,(if (< b c) (+ d g) (* f h)),(if (< b c) (+ d g) (* f h))
results/temperature/T_1.0/car-f-92-20260831T180221Z-seed1001,g0-i10,0,mutation,init-i0,7,4.807,38.453,7,4,(+ a (* b (+ c d))),(+ (* (+ c d) b) a)
results/temperature/T_1.0/car-f-92-20260831T180221Z-seed1001,g0-i11,0,mutation,init-i3,12,4.644,60.370,9,4,(+ (* a b) (+ c (* d e))),(+ (* a b) (+ (* d e) c))
results/temperature/T_1.0/car-f-92-20260831T180221Z-seed1001,g0-i12,0,mutation,init-i5,7,4.539,36.314,14,4,(if (> e h) (+ (* f g) (* c d)) (+ f g)),(if (< h e) (+ (* c d) (* f g)) (+ f g))
results/temperature/T_1.0/car-f-92-20260831T180221Z-seed1001,g0-i13,0,crossover,init-i9|init-i7,8,4.679,42.115,10,3,(if (> f g) (+ a b) (* c d)),(if (< g f) (+ a b) (* c d))
results/temperature/T_1.0/car-f-92-20260831T180221Z-seed1001,g0-i14,0,crossover,init-i9|init-i7,58,2.264,133.574,7,3,(+ (/ f g) (- e h)),(+ (- e h) (/ f g))
results/temperature/T_1.0/car-f-92-20260831T180221Z-seed1001,g0-i15,0,crossover,init-i3|init-i16,5,4.787,28.721,14,4,(if (< (+ a b) (* c d)) (+ e f) (+ g h)),(if (< (+ a b) (* c d)) (+ e f) (+ g h))
results/temperature/T_1.0/car-f-92-20260831T180221Z-seed1001,g0-i16,0,crossover,init-i3|init-i16,4,4.883,24.414,9,4,(+ (* (+ a b) c) (- d e)),(+ (* (+ a b) c) (- d e))
results/temperature/T_1.0/car-f-92-20260831T180221Z-seed1001,g0-i17,0,mutation,init-i7,7,4.608,36.860,10,3,(if (< e f) (* a b) (+ c d)),(if (< e f) (* a b) (+ c d))
results/temperature/T_1.0/car-f-92-20260831T180221Z-seed1001,g0-i18,0,crossover,init-i9|init-i15,46,2.282,107.261,12,4,(if (> f g) (+ (* e h) d) (/ c a)),(if (< g f) (+ (* e h) d) (/ c a))
results/temperature/T_1.0/car-f-92-20260831T180221Z-seed1001,g0-i19,0,crossover,init-i9|init-i15,11,4.755,57.061,14,4,(+ (if (< a b) (* f e) (+ g d)) (* c h)),(+ (* c h) (if (< a b) (* e f) (+ d g)))
results/temperature/T_1.0/car-f-92-20260831T180221Z-seed1001,g1-e0,1,elitism,g0-i6,2,4.760,14.281,10,3,(if (< a b) (* a b) (+ f g)),(if (< a b) (* a b) (+ f g))
results/temperature/T_1.0/car-f-92-20260831T180221Z-seed1001,g1-i1,1,mutation,g0-i16,19,4.756,95.127,14,4,(if (< a b) (+ (* c d) e) (+ (- f g) h)),(if (< a b) (+ (* c d) e) (+ (- f g) h))
results/temperature/T_1.0/car-f-92-20260831T180221Z-seed1001,g1-i2,1,mutation,g0-i6,18,4.722,89.717,14,4,(if (> a b) (+ (* f g) (* c d)) (- e h)),(if (< b a) (+ (* c d) (* f g)) (- e h))
results/temperature/T_1.0/car-f-92-20260831T180221Z-seed1001,g1-i3,1,crossover,g0-e0|g0-i17,6,4.821,33.747,18,4,(if (< e f) (+ (* f g) (* a b)) (* (+ d e) (+ c d))),(if (< e f) (+ (* a b) (* f g)) (* (+ c d) (+ d e)))
results/temperature/T_1.0/car-f-92-20260831T180221Z-seed1001,g1-i4,1,crossover,g0-e0|g0-i17,12,4.606,59.875,18,4,(if (> e h) (* (+ f g) (+ a b)) (+ (* c d) (* e f))),(if (< h e) (* (+ a b) (+ f g)) (+ (* c d) (* e f)))
results/temperature/T_1.0/car-f-92-20260831T180221Z-seed1001,g1-i5,1,mutation,g0-i16,4,4.422,22.112,12,4,(if (< (+ a b) c) (* d e) (+ f g)),(if (< (+ a b) c) (* d e) (+ f g))
results/temperature/T_1.0/car-f-92-20260831T180221Z-seed1001,g1-i6,1,crossover,g0-i16|g0-i12,8,4.909,44.180,14,4,(if (< e h) (+ (* a b) (* c d)) (+ f g)),(if (< e h) (+ (* a b) (* c d)) (+ f g))
results/temperature/T_1.0/car-f-92-20260831T180221Z-seed1001,g1-i7,1,crossover,g0-i16|g0-i12,9,4.791,47.906,9,4,(+ (* (+ e f) g) (- h d)),(+ (* (+ e f) g) (- h d))
results/temperature/T_1.0/car-f-92-20260831T180221Z-seed1001,g1-i8,1,crossover,g0-e0|g0-i15,1,4.985,9.971,10,3,(if (< e h) (+ f g) (* d e)),(if (< e h) (+ f g) (* d e))
results/temperature/T_1.0/car-f-92-20260831T180221Z-seed1001,g1-i9,1,crossover,g0-e0|g0-i15,45,2.501,115.029,14,4,(if (> (+ a b) (* c d)) (- e f) (- g h)),(if (< (* c d) (+ a b)) (- e f) (- g h))
results/temperature/T_1.0/car-f-92-20260831T180221Z-seed1001,g1-i10,1,crossover,g0-i1|g0-i6,3,4.904,19.618,14,4,(if (< e h) (+ (* c d) (* f g)) (+ a b)),(if (< e h) (+ (* c d) (* f g)) (+ a b))
results/temperature/T_1.0/car-f-92-20260831T180221Z-seed1001,g1-i11,1,crossover,g0-i1|g0-i6,17,4.686,84.349,10,3,(if (> a b) (* c d) (+ f g)),(if (< b a) (* c d) (+ f g))
results/temperature/T_1.0/car-f-92-20260831T180221Z-seed1001,g1-i12,1,crossover,g0-i15|g0-i10,31,3.481,111.395,14,4,(if (< (* a b) (+ c d)) (* e f) (+ g h)),(if (< (* a b) (+ c d)) (* e f) (+ g h))
results/temperature/T_1.0/car-f-92-20260831T180221Z-seed1001,g1-i13,1,crossover,g0-i15|g0-i10,11,4.481,53.771,7,4,(+ a (+ b (* c d))),(+ (+ (* c d) b) a)
results/temperature/T_1.0/car-f-92-20260831T180221Z-seed1001,g1-i14,1,crossover,g0-i16|g0-i6,8,4.900,44.100,12,4,(if (< (+ a b) c) (* d e) (+ f g)),(if (< (+ a b) c) (* d e) (+ f g))
results/temperature/T_1.0/car-f-92-20260831T180221Z-seed1001,g1-i15,1,crossover,g0-i16|g0-i6,5,4.843,29.057,9,4,(+ (* (+ a b) f) (- g h)),(+ (* (+ a b) f) (- g h))
results/temperature/T_1.0/car-f-92-20260831T180221Z-seed1001,g1-i16,1,crossover,g0-i17|g0-i16,5,4.722,28.331,12,4,(if (> c e) (+ (* a b) d) (- f g)),(if (< e c) (+ (* a b) d) (- f g))
results/temperature/T_1.0/car-f-92-20260831T180221Z-seed1001,g1-i17,1,crossover,g0-i17|g0-i16,38,3.418,133.287,9,4,(+ (/ (+ a b) c) (* d e)),(+ (* d e) (/ (+ a b) c))
results/temperature/T_1.0/car-f-92-20260831T180221Z-seed1001,g1-i18,1,crossover,g0-i6|g0-i19,26,4.366,117.889,18,4,(if (< a b) (+ (* a b) (* f g)) (+ (* c h) (+ g d))),(if (< a b) (+ (* a b) (* f g)) (+ (* c h) (+ d g)))
results/temperature/T_1.0/car-f-92-20260831T180221Z-seed1001,g1-i19,1,mutation,g0-i6,13,4.766,66.729,14,4,(if (> a b) (+ (* f g) (* c d)) (+ e h)),(if (< b a) (+ (* c d) (* f g)) (+ e h))
results/temperature/T_1.0/car-f-92-20260831T180221Z-seed1001,g2-e0,2,elitism,g1-i8,1,4.985,9.971,10,3,(if (< e h) (+ f g) (* d e)),(if (< e h) (+ f g) (* d e))
results/temperature/T_1.0/car-f-92-20260831T180221Z-seed1001,g2-i1,2,crossover,g1-i8|g1-e0,6,4.778,33.448,10,3,(if (< e h) (* f g) (+ d e)),(if (< e h) (* f g) (+ d e))
results/temperature/T_1.0/car-f-92-20260831T180221Z-seed1001,g2-i2,2,crossover,g1-i8|g1-e0,22,4.099,94.276,10,3,(if (> a b) (+ a b) (* f g)),(if (< b a) (+ a b) (* f g))
results/temperature/T_1.0/car-f-92-20260831T180221Z-seed1001,g2-i3,2,crossover,g1-i15|g1-e0,48,2.500,122.504,14,4,(if (< a b) (+ (* a b) f) (* (+ g h) e)),(if (< a b) (+ (* a b) f) (* (+ g h) e))
results/temperature/T_1.0/car-f-92-20260831T180221Z-seed1001,g2-i4,2,crossover,g1-i15|g1-e0,9,4.935,49.346,9,4,(+ (* (- a b) f) (/ g h)),(+ (* (- a b) f) (/ g h))
results/temperature/T_1.0/car-f-92-20260831T180221Z-seed1001,g2-i5,2,mutation,g1-i15,5,4.607,27.640,14,4,(if (< a b) (* (+ a b) f) (+ (* a f) g)),(if (< a b) (* (+ a b) f) (+ (* a f) g))
results/temperature/T_1.0/car-f-92-20260831T180221Z-seed1001,g2-i6,2,mutation,g1-i15,33,4.032,137.095,14,4,(if (> f e) (* a (+ b c)) (+ (* f g) h)),(if (< e f) (* (+ b c) a) (+ (* f g) h))
results/temperature/T_1.0/car-f-92-20260831T180221Z-seed1001,g2-i7,2,crossover,g1-i16|g1-i10,9,4.807,48.070,14,4,(if (< c e) (+ (* a b) (* f g)) (- d h)),(if (< c e) (+ (* a b) (* f g)) (- d h))
results/temperature/T_1.0/car-f-92-20260831T180221Z-seed1001,g2-i8,2,crossover,g1-i16|g1-i10,4,4.943,24.717,16,4,(if (> e h) (* (+ a b) (+ c d)) (+ (* f g) e)),(if (< h e) (* (+ a b) (+ c d)) (+ (* f g) e))
results/temperature/T_1.0/car-f-92-20260831T180221Z-seed1001,g2-i9,2,crossover,g1-i5|g1-i8,35,3.106,111.827,12,4,(if (< (+ a b) c) (+ f g) (* d e)),(if (< (+ a b) c) (+ f g) (* d e))
results/temperature/T_1.0/car-f-92-20260831T180221Z-seed1001,g2-i10,2,crossover,g1-i5|g1-i8,5,4.670,28.020,10,3,(if (> e h) (* d e) (+ f g)),(if (< h e) (* d e) (+ f g))
results/temperature/T_1.0/car-f-92-20260831T180221Z-seed1001,g2-i11,2,crossover,g1-i10|g1-i5,18,4.719,89.660,14,4,(if (< a h) (+ (* e f) (* b g)) (+ c d)),(if (< a h) (+ (* b g) (* e f)) (+ c d))
results/temperature/T_1.0/car-f-92-20260831T180221Z-seed1001,g2-i12,2,crossover,g1-i10|g1-i5,33,4.080,138.706,12,4,(if (> c d) (* (+ a b) e) (+ f g)),(if (< d c) (* (+ a b) e) (+ f g))
results/temperature/T_1.0/car-f-92-20260831T180221Z-seed1001,g2-i13,2,mutation,g1-i5,40,3.121,127.977,12,4,(if (> (+ a b) c) (* d e) (+ f g)),(if (< c (+ a b)) (* d e) (+ f g))
results/temperature/T_1.0/car-f-92-20260831T180221Z-seed1001,g2-i14,2,crossover,g1-i13|g1-i8,46,2.664,125.202,10,3,(if (< a h) (+ f g) (* d e)),(if (< a h) (+ f g) (* d e))
results/temperature/T_1.0/car-f-92-20260831T180221Z-seed1001,g2-i15,2,crossover,g1-i13|g1-i8,37,4.268,162.185,7,4,(+ a (+ b (* c e))),(+ (+ (* c e) b) a)
results/temperature/T_1.0/car-f-92-20260831T180221Z-seed1001,g2-i16,2,crossover,g1-i14|g1-i14,33,3.176,107.996,14,4,(if (< (+ a b) c) (+ (* d e) f) (* g h)),(if (< (+ a b) c) (+ (* d e) f) (* g h))
results/temperature/T_1.0/car-f-92-20260831T180221Z-seed1001,g2-i17,2,crossover,g1-i8|g1-i3,30,4.118,127.664,18,4,(if (< e f) (* (+ d e) (+ c d)) (+ (* f g) (* a b))),(if (< e f) (* (+ c d) (+ d e)) (+ (* a b) (* f g)))
results/temperature/T_1.0/car-f-92-20260831T180221Z-seed1001,g2-i18,2,crossover,g1-i8|g1-i3,37,3.306,125.632,10,3,(if (> e h) (+ f g) (* d e)),(if (< h e) (+ f g) (* d e))
results/temperature/T_1.0/car-f-92-20260831T180221Z-seed1001,g2-i19,2,mutation,g1-i3,9,4.479,44.787,18,4,(if (> e f) (* (+ a b) (+ c d)) (+ (* d g) (* f e))),(if (< f e) (* (+ a b) (+ c d)) (+ (* d g) (* e f)))
results/temperature/T_1.0/car-f-92-20260831T180221Z-seed1001,g3-e0,3,elitism,g2-e0,1,4.985,9.971,10,3,(if (< e h) (+ f g) (* d e)),(if (< e h) (+ f g) (* d e))
results/temperature/T_1.0/car-f-92-20260831T180221Z-seed1001,g3-i1,3,crossover,g2-e0|g2-i16,6,5.010,35.070,10,3,(if (< e h) (* f g) (+ d e)),(if (< e h) (* f g) (+ d e))
results/temperature/T_1.0/car-f-92-20260831T180221Z-seed1001,g3-i2,3,crossover,g2-e0|g2-i16,53,2.543,137.344,14,4,(if (> (+ a b) c) (- (* d e) f) (+ g h)),(if (< c (+ a b)) (- (* d e) f) (+ g h))
results/temperature/T_1.0/car-f-92-20260831T180221Z-seed1001,g3-i3,3,mutation,g2-i5,2,4.884,14.652,14,4,(if (> a b) (+ (* a f) g) (- (* b f) h)),(if (< b a) (+ (* a f) g) (- (* b f) h))
results/temperature/T_1.0/car-f-92-20260831T180221Z-seed1001,g3-i4,3,crossover,g2-i8|g2-i5,13,4.867,68.139,14,4,(if (< e h) (+ (* a b) c) (* (+ f g) d)),(if (< e h) (+ (* a b) c) (* (+ f g) d))
results/temperature/T_1.0/car-f-92-20260831T180221Z-seed1001,g3-i5,3,crossover,g2-i8|g2-i5,23,4.217,101.196,14,4,(if (> a b) (+ (* c d) e) (* (+ f g) h)),(if (< b a) (+ (* c d) e) (* (+ f g) h))
results/temperature/T_1.0/car-f-92-20260831T180221Z-seed1001,g3-i6,3,crossover,g2-i5|g2-e0,17,4.471,80.482,14,4,(if (< a e) (+ (* b f) g) (* d (+ c h))),(if (< a e) (+ (* b f) g) (* (+ c h) d))
results/temperature/T_1.0/car-f-92-20260831T180221Z-seed1001,g3-i7,3,crossover,g2-i5|g2-e0,46,3.124,146.828,14,4,(if (> f g) (- (* a h) b) (+ (* e d) c)),(if (< g f) (- (* a h) b) (+ (* d e) c))
results/temperature/T_1.0/car-f-92-20260831T180221Z-seed1001,g3-i8,3,mutation,g2-i5,16,4.653,79.095,14,4,(if (> a b) (+ (* a b) f) (- (* a f) g)),(if (< b a) (+ (* a b) f) (- (* a f) g))
results/temperature/T_1.0/car-f-92-20260831T180221Z-seed1001,g3-i9,3,crossover,g2-i10|g2-i8,4,4.608,23.040,16,4,(if (> e h) (* (+ d f) (+ c g)) (+ (* a b) e)),(if (< h e) (* (+ c g) (+ d f)) (+ (* a b) e))
results/temperature/T_1.0/car-f-92-20260831T180221Z-seed1001,g3-i10,3,crossover,g2-i10|g2-i8,3,4.685,18.741,16,4,(if (<= e h) (+ (* f g) (+ a b)) (* (+ c d) e)),(if (<= e h) (+ (* f g) (+ a b)) (* (+ c d) e))
results/temperature/T_1.0/car-f-92-20260831T180221Z-seed1001,g3-i11,3,crossover,g2-i16|g2-i7,9,4.732,47.321,18,4,(if (< (+ a f) e) (* (+ b c) d) (+ (* g h) (- a b))),(if (< (+ a f) e) (* (+ b c) d) (+ (* g h) (- a b)))
results/temperature/T_1.0/car-f-92-20260831T180221Z-seed1001,g3-i12,3,crossover,g2-i16|g2-i7,22,4.100,94.308,20,4,(if (> (* c f) (+ a b)) (- (+ d e) g) (+ (* h f) (* a e))),(if (< (+ a b) (* c f)) (- (+ d e) g) (+ (* a e) (* f h)))
results/temperature/T_1.0/car-f-92-20260831T180221Z-seed1001,g3-i13,3,mutation,g2-i8,11,4.957,59.487,18,4,(if (> (+ a b) h) (* (+ a b) (+ c d)) (+ (* f g) e)),(if (< h (+ a b)) (* (+ a b) (+ c d)) (+ (* f g) e))
results/temperature/T_1.0/car-f-92-20260831T180221Z-seed1001,g3-i14,3,crossover,g2-e0|g2-i19,27,4.421,123.792,18,4,(if (> e f) (+ (* d g) (* f e)) (* (+ a b) (+ c d))),(if (< f e) (+ (* d g) (* e f)) (* (+ a b) (+ c d)))
results/temperature/T_1.0/car-f-92-20260831T180221Z-seed1001,g3-i15,3,crossover,g2-e0|g2-i19,12,4.396,57.145,18,4,(if (< e h) (* (+ f g) (+ c d)) (+ (* d g) (* f e))),(if (< e h) (* (+ c d) (+ f g)) (+ (* d g) (* e f)))
results/temperature/T_1.0/car-f-92-20260831T180221Z-seed1001,g3-i16,3,crossover,g2-i1|g2-i10,40,3.126,128.166,10,3,(if (< e h) (* d e) (+ f g)),(if (< e h) (* d e) (+ f g))
results/temperature/T_1.0/car-f-92-20260831T180221Z-seed1001,g3-i17,3,mutation,g2-i10,6,4.667,32.669,14,4,(if (< e h) (+ (* f g) (* c d)) (+ f g)),(if (< e h) (+ (* c d) (* f g)) (+ f g))
results/temperature/T_1.0/car-f-92-20260831T180221Z-seed1001,g3-i18,3,crossover,g2-e0|g2-i8,1,4.949,9.898,14,4,(if (< e h) (* f g) (+ (* a b) (* c d))),(if (< e h) (* f g) (+ (* a b) (* c d)))
results/temperature/T_1.0/car-f-92-20260831T180221Z-seed1001,g3-i19,3,crossover,g2-e0|g2-i8,44,3.826,172.170,16,4,(if (> e h) (+ (+ f g) (* c d)) (* (+ a b) e)),(if (< h e) (+ (* c d) (+ f g)) (* (+ a b) e))
results/temperature/T_1.0/car-f-92-20260831T180221Z-seed1001,g4-e0,4,elitism,g3-i18,1,4.949,9.898,14,4,(if (< e h) (* f g) (+ (* a b) (* c d))),(if (< e h) (* f g) (+ (* a b) (* c d)))
results/temperature/T_1.0/car-f-92-20260831T180221Z-seed1001,g4-i1,4,mutation,g3-i1,3,5.034,20.136,12,4,(if (< e h) (* f g) (+ d (* e f))),(if (< e h) (* f g) (+ (* e f) d))
results/temperature/T_1.0/car-f-92-20260831T180221Z-seed1001,g4-i2,4,crossover,g3-i8|g3-i9,4,4.928,24.641,14,4,(if (> a e) (+ (* b f) g) (- (* c h) d)),(if (< e a) (+ (* b f) g) (- (* c h) d))
results/temperature/T_1.0/car-f-92-20260831T180221Z-seed1001,g4-i3,4,crossover,g3-i8|g3-i9,12,5.059,65.771,16,4,(if (<= f g) (* (+ a h) (+ b e)) (+ (* d c) a)),(if (<= f g) (* (+ a h) (+ b e)) (+ (* c d) a))
results/temperature/T_1.0/car-f-92-20260831T180221Z-seed1001,g4-i4,4,crossover,g3-i11|g3-i18,19,4.903,98.059,18,4,(if (< (* a b) e) (+ (* f g) d) (* (+ c h) (- a f))),(if (< (* a b) e) (+ (* f g) d) (* (+ c h) (- a f)))
results/temperature/T_1.0/car-f-92-20260831T180221Z-seed1001,g4-i5,4,crossover,g3-i11|g3-i18,8,5.027,45.245,18,4,(if (> (+ f g) h) (* (+ a c) b) (+ (* e d) (- g f))),(if (< h (+ f g)) (* (+ a c) b) (+ (* d e) (- g f)))
results/temperature/T_1.0/car-f-92-20260831T180221Z-seed1001,g4-i6,4,mutation,g3-i17,3,4.776,19.102,18,4,(if (< e h) (+ (* f g) (* c d)) (+ (* f g) (* c d))),(if (< e h) (+ (* c d) (* f g)) (+ (* c d) (* f g)))
results/temperature/T_1.0/car-f-92-20260831T180221Z-seed1001,g4-i7,4,crossover,g3-e0|g3-i17,3,4.965,19.859,14,4,(if (< e h) (+ (* f g) (* c d)) (* d e)),(if (< e h) (+ (* c d) (* f g)) (* d e))
results/temperature/T_1.0/car-f-92-20260831T180221Z-seed1001,g4-i8,4,crossover,g3-e0|g3-i17,5,4.817,28.901,14,4,(if (> e h) (+ f g) (+ (* f g) (* c d))),(if (< h e) (+ f g) (+ (* c d) (* f g)))
results/temperature/T_1.0/car-f-92-20260831T180221Z-seed1001,g4-i9,4,mutation,g3-i3,6,4.709,32.962,14,4,(if (> a c) (+ (* a f) g) (- (* b f) h)),(if (< c a) (+ (* a f) g) (- (* b f) h))
results/temperature/T_1.0/car-f-92-20260831T180221Z-seed1001,g4-i10,4,crossover,g3-e0|g3-e0,8,5.452,49.071,14,4,(if (< e h) (+ (* f g) d) (* d (+ e g))),(if (< e h) (+ (* f g) d) (* (+ e g) d))
results/temperature/T_1.0/car-f-92-20260831T180221Z-seed1001,g4-i11,4,crossover,g3-e0|g3-e0,37,3.244,123.259,14,4,(if (> e h) (+ f (* g d)) (+ (* d e) c)),(if (< h e) (+ (* d g) f) (+ (* d e) c))
results/temperature/T_1.0/car-f-92-20260831T180221Z-seed1001,g4-i12,4,crossover,g3-i11|g3-e0,11,4.668,56.019,18,4,(if (< (+ a b) e) (* (+ c f) d) (+ (* g h) (- a b))),(if (< (+ a b) e) (* (+ c f) d) (+ (* g h) (- a b)))
results/temperature/T_1.0/car-f-92-20260831T180221Z-seed1001,g4-i13,4,mutation,g3-i3,4,4.934,24.669,14,4,(if (> a c) (+ (* a f) g) (- (* b f) h)),(if (< c a) (+ (* a f) g) (- (* b f) h))
results/temperature/T_1.0/car-f-92-20260831T180221Z-seed1001,g4-i14,4,crossover,g3-i18|g3-i10,3,4.916,19.663,16,4,(if (< e h) (+ (* f g) (* a b)) (* (+ c d) e)),(if (< e h) (+ (* a b) (* f g)) (* (+ c d) e))
results/temperature/T_1.0/car-f-92-20260831T180221Z-seed1001,g4-i15,4,crossover,g3-i18|g3-i10,6,4.504,31.526,18,4,(if (<= e h) (* (+ f g) (+ c d)) (+ (* a b) (* e h))),(if (<= e h) (* (+ c d) (+ f g)) (+ (* a b) (* e h)))
results/temperature/T_1.0/car-f-92-20260831T180221Z-seed1001,g4-i16,4,crossover,g3-i3|g3-i3,10,4.560,50.163,14,4,(if (> c e) (+ (* d h) f) (- (* g a) b)),(if (< e c) (+ (* d h) f) (- (* a g) b))
results/temperature/T_1.0/car-f-92-20260831T180221Z-seed1001,g4-i17,4,crossover,g3-i3|g3-i3,54,1.711,94.129,18,4,(if (< f g) (* (+ a b) (- c d)) (+ (/ e h) (* f g))),(if (< f g) (* (+ a b) (- c d)) (+ (* f g) (/ e h)))
results/temperature/T_1.0/car-f-92-20260831T180221Z-seed1001,g4-i18,4,crossover,g3-i3|g3-i18,21,4.343,95.544,14,4,(if (< a b) (+ (* e f) g) (- (* c d) h)),(if (< a b) (+ (* e f) g) (- (* c d) h))
results/temperature/T_1.0/car-f-92-20260831T180221Z-seed1001,g4-i19,4,crossover,g3-i3|g3-i18,10,4.769,52.457,14,4,(if (> e h) (* (+ a b) f) (+ (* g h) c)),(if (< h e) (* (+ a b) f) (+ (* g h) c))
results/temperature/T_1.0/car-f-92-20260831T180221Z-seed1001,g5-e0,5,elitism,g4-e0,1,4.949,9.898,14,4,(if (< e h) (* f g) (+ (* a b) (* c d))),(if (< e h) (* f g) (+ (* a b) (* c d)))
results/temperature/T_1.0/car-f-92-20260831T180221Z-seed1001,g5-i1,5,crossover,g4-i10|g4-i12,3,4.996,19.986,18,4,(if (< (+ e f) h) (* (+ d g) c) (+ (* a b) (+ e f))),(if (< (+ e f) h) (* (+ d g) c) (+ (* a b) (+ e f)))
results/temperature/T_1.0/car-f-92-20260831T180221Z-seed1001,g5-i2,5,crossover,g4-i10|g4-i12,52,1.831,97.063,18,4,(if (> (* c d) g) (+ (- f h) b) (* (+ a e) (+ g h))),(if (< g (* c d)) (+ (- f h) b) (* (+ a e) (+ g h)))
results/temperature/T_1.0/car-f-92-20260831T180221Z-seed1001,g5-i3,5,crossover,g4-i14|g4-e0,3,4.812,19.246,16,4,(if (< e h) (+ (* f g) (* c d)) (* (+ a b) e)),(if (< e h) (+ (* c d) (* f g)) (* (+ a b) e))
results/temperature/T_1.0/car-f-92-20260831T180221Z-seed1001,g5-i4,5,crossover,g4-i14|g4-e0,11,4.376,52.516,18,4,(if (> e h) (* (+ f g) (+ a b)) (+ (* c d) (* e h))),(if (< h e) (* (+ a b) (+ f g)) (+ (* c d) (* e h)))
results/temperature/T_1.0/car-f-92-20260831T180221Z-seed1001,g5-i5,5,crossover,g4-i14|g4-i14,5,5.139,30.831,16,4,(if (< e h) (+ (* f g) (* a b)) (+ (* c d) e)),(if (< e h) (+ (* a b) (* f g)) (+ (* c d) e))
results/temperature/T_1.0/car-f-92-20260831T180221Z-seed1001,g5-i6,5,crossover,g4-i14|g4-i14,47,2.866,137.592,16,4,(if (> e h) (* (+ f g) (+ a b)) (* (+ c d) e)),(if (< h e) (* (+ a b) (+ f g)) (* (+ c d) e))
results/temperature/T_1.0/car-f-92-20260831T180221Z-seed1001,g5-i7,5,crossover,g4-i8|g4-i15,8,4.717,42.451,18,4,(if (< e h) (* (+ f g) (+ c d)) (+ (* f g) (* c d))),(if (< e h) (* (+ c d) (+ f g)) (+ (* c d) (* f g)))
results/temperature/T_1.0/car-f-92-20260831T180221Z-seed1001,g5-i8,5,crossover,g4-i8|g4-i15,5,4.601,27.606,18,4,(if (>= e h) (+ (* f g) (* c d)) (* (+ f g) (+ a b))),(if (<= h e) (+ (* c d) (* f g)) (* (+ a b) (+ f g)))
results/temperature/T_1.0/car-f-92-20260831T180221Z-seed1001,g5-i9,5,mutation,g4-i14,4,4.910,24.551,18,4,(if (> e h) (* (+ f g) (+ c d)) (+ (* a b) (* e h))),(if (< h e) (* (+ c d) (+ f g)) (+ (* a b) (* e h)))
results/temperature/T_1.0/car-f-92-20260831T180221Z-seed1001,g5-i10,5,crossover,g4-e0|g4-i14,5,4.869,29.216,16,4,(if (< e h) (+ (* f g) (* c d)) (* (+ a b) e)),(if (< e h) (+ (* c d) (* f g)) (* (+ a b) e))
results/temperature/T_1.0/car-f-92-20260831T180221Z-seed1001,g5-i11,5,crossover,g4-e0|g4-i14,13,4.477,62.684,18,4,(if (> e h) (* (+ f a) (+ b c)) (+ (* d g) (* h e))),(if (< h e) (* (+ a f) (+ b c)) (+ (* d g) (* e h)))
results/temperature/T_1.0/car-f-92-20260831T180221Z-seed1001,g5-i12,5,crossover,g4-i1|g4-i9,21,4.538,99.828,14,4,(if (> e h) (+ (* f g) d) (- (* b c) a)),(if (< h e) (+ (* f g) d) (- (* b c) a))
results/temperature/T_1.0/car-f-92-20260831T180221Z-seed1001,g5-i13,5,mutation,g4-i2,28,4.488,130.153,14,4,(if (< a e) (+ (* b f) g) (- (* c h) d)),(if (< a e) (+ (* b f) g) (- (* c h) d))
results/temperature/T_1.0/car-f-92-20260831T180221Z-seed1001,g5-i14,5,crossover,g4-e0|g4-i15,14,4.462,66.937,18,4,(if (< e h) (* (+ f g) (+ c d)) (+ (* a b) (* e h))),(if (< e h) (* (+ c d) (+ f g)) (+ (* a b) (* e h)))
results/temperature/T_1.0/car-f-92-20260831T180221Z-seed1001,g5-i15,5,crossover,g4-e0|g4-i15,8,4.720,42.481,14,4,(if (<= e h) (* f g) (+ (* a b) (* c d))),(if (<= e h) (* f g) (+ (* a b) (* c d)))
results/temperature/T_1.0/car-f-92-20260831T180221Z-seed1001,g5-i16,5,crossover,g4-i14|g4-i1,5,4.694,28.162,16,4,(if (< e h) (+ (* f g) (* c d)) (* (+ a b) e)),(if (< e h) (+ (* c d) (* f g)) (* (+ a b) e))
results/temperature/T_1.0/car-f-92-20260831T180221Z-seed1001,g5-i17,5,crossover,g4-i14|g4-i1,35,3.596,129.472,14,4,(if (> e h) (* (+ f g) c) (+ d (* e a))),(if (< h e) (* (+ f g) c) (+ (* a e) d))
results/temperature/T_1.0/car-f-92-20260831T180221Z-seed1001,g5-i18,5,mutation,g4-i2,24,4.372,109.308,14,4,(if (< a e) (+ (* b f) g) (- (* c h) d)),(if (< a e) (+ (* b f) g) (- (* c h) d))
results/temperature/T_1.0/car-f-92-20260831T180221Z-seed1001,g5-i19,5,mutation,g4-i6,4,4.623,23.115,18,4,(if (> e h) (+ (* f g) (* c d)) (+ (* f g) (* c d))),(if (< h e) (+ (* c d) (* f g)) (+ (* c d) (* f g)))
results/temperature/T_1.0/car-f-92-20260831T180221Z-seed1001,g6-e0,6,elitism,g5-e0,1,4.949,9.898,14,4,(if (< e h) (* f g) (+ (* a b) (* c d))),(if (< e h) (* f g) (+ (* a b) (* c d)))
results/temperature/T_1.0/car-f-92-20260831T180221Z-seed1001,g6-i1,6,crossover,g5-e0|g5-i16,4,4.848,24.238,18,4,(if (< e h) (+ (* f g) (* c d)) (+ (* a b) (* c d))),(if (< e h) (+ (* c d) (* f g)) (+ (* a b) (* c d)))
results/temperature/T_1.0/car-f-92-20260831T180221Z-seed1001,g6-i2,6,crossover,g5-e0|g5-i16,15,4.489,71.828,16,4,(if (> e h) (* (+ a b) e) (* (+ f g) (* c d))),(if (< h e) (* (+ a b) e) (* (* c d) (+ f g)))
results/temperature/T_1.0/car-f-92-20260831T180221Z-seed1001,g6-i3,6,mutation,g5-i19,5,4.828,28.969,18,4,(if (< e h) (+ (* f g) (* c d)) (+ (* f g) (* c d))),(if (< e h) (+ (* c d) (* f g)) (+ (* c d) (* f g)))
results/temperature/T_1.0/car-f-92-20260831T180221Z-seed1001,g6-i4,6,crossover,g5-i1|g5-i19,7,5.042,40.333,18,4,(if (< (+ e f) h) (+ (* d g) c) (+ (* a b) (+ e f))),(if (< (+ e f) h) (+ (* d g) c) (+ (* a b) (+ e f)))
results/temperature/T_1.0/car-f-92-20260831T180221Z-seed1001,g6-i5,6,mutation,g5-i9,6,4.478,31.348,20,4,(if (> (+ e a) h) (* (+ f g) (+ c d)) (+ (* a b) (* e h))),(if (< h (+ a e)) (* (+ c d) (+ f g)) (+ (* a b) (* e h)))
results/temperature/T_1.0/car-f-92-20260831T180221Z-seed1001,g6-i6,6,crossover,g5-i8|g5-i3,9,4.818,48.177,18,4,(if (>= e h) (* (+ f g) (+ a b)) (+ (* c d) (* f g))),(if (<= h e) (* (+ a b) (+ f g)) (+ (* c d) (* f g)))
results/temperature/T_1.0/car-f-92-20260831T180221Z-seed1001,g6-i7,6,crossover,g5-i8|g5-i3,17,4.683,84.293,16,4,(if (< e h) (+ (* a b) (* c d)) (* (+ f g) e)),(if (< e h) (+ (* a b) (* c d)) (* (+ f g) e))
results/temperature/T_1.0/car-f-92-20260831T180221Z-seed1001,g6-i8,6,crossover,g5-i7|g5-i5,8,4.886,43.978,18,4,(if (< e h) (+ (* f g) (* c d)) (+ (* a b) (* e h))),(if (< e h) (+ (* c d) (* f g)) (+ (* a b) (* e h)))
results/temperature/T_1.0/car-f-92-20260831T180221Z-seed1001,g6-i9,6,crossover,g5-i7|g5-i5,9,4.721,47.210,18,4,(if (< e h) (* (+ f g) (+ a b)) (+ (* c d) (* e h))),(if (< e h) (* (+ a b) (+ f g)) (+ (* c d) (* e h)))
results/temperature/T_1.0/car-f-92-20260831T180221Z-seed1001,g6-i10,6,mutation,g5-i1,14,4.896,73.445,18,4,(if (> (+ e f) h) (* (+ d g) c) (+ (* a b) (+ e f))),(if (< h (+ e f)) (* (+ d g) c) (+ (* a b) (+ e f)))
results/temperature/T_1.0/car-f-92-20260831T180221Z-seed1001,g6-i11,6,mutation,g5-i3,10,5.052,55.567,16,4,(if (> e h) (* (+ f g) (+ c d)) (+ (* a b) e)),(if (< h e) (* (+ c d) (+ f g)) (+ (* a b) e))
results/temperature/T_1.0/car-f-92-20260831T180221Z-seed1001,g6-i12,6,crossover,g5-i1|g5-i1,6,4.853,33.973,18,4,(if (> (+ e f) h) (* (+ d g) c) (+ (* a b) (+ e f))),(if (< h (+ e f)) (* (+ d g) c) (+ (* a b) (+ e f)))
results/temperature/T_1.0/car-f-92-20260831T180221Z-seed1001,g6-i13,6,crossover,g5-i1|g5-i1,5,4.724,28.346,18,4,(if (< (+ e f) h) (+ (* d g) c) (* (+ a b) (+ e f))),(if (< (+ e f) h) (+ (* d g) c) (* (+ a b) (+ e f)))
results/temperature/T_1.0/car-f-92-20260831T180221Z-seed1001,g6-i14,6,crossover,g5-i19|g5-i9,10,5.057,55.632,18,4,(if (> e h) (+ (* f g) (* c d)) (+ (* a b) (* e h))),(if (< h e) (+ (* c d) (* f g)) (+ (* a b) (* e h)))
results/temperature/T_1.0/car-f-92-20260831T180221Z-seed1001,g6-i15,6,crossover,g5-i19|g5-i9,4,4.874,24.368,18,4,(if (> e h) (* (+ f g) (+ c d)) (+ (* f g) (* c d))),(if (< h e) (* (+ c d) (+ f g)) (+ (* c d) (* f g)))
results/temperature/T_1.0/car-f-92-20260831T180221Z-seed1001,g6-i16,6,crossover,g5-i3|g5-i8,2,5.307,15.922,18,4,(if (< e h) (+ (* f g) (* c d)) (* (+ f g) (+ a b))),(if (< e h) (+ (* c d) (* f g)) (* (+ a b) (+ f g)))
results/temperature/T_1.0/car-f-92-20260831T180221Z-seed1001,g6-i17,6,crossover,g5-i3|g5-i8,46,3.916,184.060,16,4,(if (>= e h) (+ (* f g) (* c d)) (* (+ a b) e)),(if (<= h e) (+ (* c d) (* f g)) (* (+ a b) e))
results/temperature/T_1.0/car-f-92-20260831T180221Z-seed1001,g6-i18,6,crossover,g5-i3|g5-i9,7,4.536,36.290,18,4,(if (< e h) (* (+ f g) (+ c d)) (+ (* a b) (* e h))),(if (< e h) (* (+ c d) (+ f g)) (+ (* a b) (* e h)))
results/temperature/T_1.0/car-f-92-20260831T180221Z-seed1001,g6-i19,6,crossover,g5-i3|g5-i9,45,3.737,171.880,16,4,(if (> e h) (+ (* f g) (* c d)) (* (+ a b) e)),(if (< h e) (+ (* c d) (* f g)) (* (+ a b) e))
results/temperature/T_1.0/car-f-92-20260831T180221Z-seed1001,g7-e0,7,elitism,g6-e0,1,4.949,9.898,14,4,(if (< e h) (* f g) (+ (* a b) (* c d))),(if (< e h) (* f g) (+ (* a b) (* c d)))
results/temperature/T_1.0/car-f-92-20260831T180221Z-seed1001,g7-i1,7,crossover,g6-e0|g6-i1,5,4.794,28.762,18,4,(if (< e h) (+ (* f g) (* a b)) (+ (* c d) (* e f))),(if (< e h) (+ (* a b) (* f g)) (+ (* c d) (* e f)))
results/temperature/T_1.0/car-f-92-20260831T180221Z-seed1001,g7-i2,7,crossover,g6-i9|g6-i4,11,4.740,56.885,20,4,(if (< (+ e f) h) (* (+ f g) (+ a b)) (+ (* c d) (* e h))),(if (< (+ e f) h) (* (+ a b) (+ f g)) (+ (* c d) (* e h)))
results/temperature/T_1.0/car-f-92-20260831T180221Z-seed1001,g7-i3,7,crossover,g6-i9|g6-i4,21,4.238,93.243,16,4,(if (< e h) (+ (* d g) c) (+ (* a b) (+ e f))),(if (< e h) (+ (* d g) c) (+ (* a b) (+ e f)))
results/temperature/T_1.0/car-f-92-20260831T180221Z-seed1001,g7-i4,7,crossover,g6-e0|g6-i5,4,4.573,22.863,18,4,(if (< e h) (* (+ f g) (+ c d)) (+ (* a b) (* e h))),(if (< e h) (* (+ c d) (+ f g)) (+ (* a b) (* e h)))
results/temperature/T_1.0/car-f-92-20260831T180221Z-seed1001,g7-i5,7,crossover,g6-e0|g6-i5,3,4.631,18.523,16,4,(if (> (+ e a) h) (* f g) (+ (* a b) (* c d))),(if (< h (+ a e)) (* f g) (+ (* a b) (* c d)))
results/temperature/T_1.0/car-f-92-20260831T180221Z-seed1001,g7-i6,7,crossover,g6-i3|g6-i5,6,5.233,36.628,18,4,(if (< e h) (+ (* f g) (* c d)) (* (+ f g) (+ c d))),(if (< e h) (+ (* c d) (* f g)) (* (+ c d) (+ f g)))
results/temperature/T_1.0/car-f-92-20260831T180221Z-seed1001,g7-i7,7,crossover,g6-i3|g6-i5,2,4.722,14.165,20,4,(if (> (+ e a) h) (+ (* f g) (* c d)) (+ (* a b) (* e h))),(if (< h (+ a e)) (+ (* c d) (* f g)) (+ (* a b) (* e h)))
results/temperature/T_1.0/car-f-92-20260831T180221Z-seed1001,g7-i8,7,mutation,g6-e0,8,4.731,42.582,14,4,(if (> e h) (+ (* f g) (* a b)) (* c d)),(if (< h e) (+ (* a b) (* f g)) (* c d))
results/temperature/T_1.0/car-f-92-20260831T180221Z-seed1001,g7-i9,7,crossover,g6-e0|g6-i5,11,4.437,53.245,18,4,(if (< e h) (* (+ f g) (+ c d)) (+ (* a b) (* e h))),(if (< e h) (* (+ c d) (+ f g)) (+ (* a b) (* e h)))
results/temperature/T_1.0/car-f-92-20260831T180221Z-seed1001,g7-i10,7,crossover,g6-e0|g6-i5,6,4.604,32.225,16,4,(if (> (+ e a) h) (* f g) (+ (* a b) (* c d))),(if (< h (+ a e)) (* f g) (+ (* a b) (* c d)))
results/temperature/T_1.0/car-f-92-20260831T180221Z-seed1001,g7-i11,7,mutation,g6-e0,17,4.370,78.658,18,4,(if (> e h) (+ (* f g) (* a b)) (- (* c d) (* e f))),(if (< h e) (+ (* a b) (* f g)) (- (* c d) (* e f)))
results/temperature/T_1.0/car-f-92-20260831T180221Z-seed1001,g7-i12,7,crossover,g6-i18|g6-i1,3,5.032,20.126,18,4,(if (< e h) (+ (* f g) (+ c d)) (+ (* a b) (* e h))),(if (< e h) (+ (* f g) (+ c d)) (+ (* a b) (* e h)))
results/temperature/T_1.0/car-f-92-20260831T180221Z-seed1001,g7-i13,7,crossover,g6-i18|g6-i1,12,4.526,58.841,18,4,(if (< e h) (* (+ f g) (* c d)) (+ (* a b) (+ e h))),(if (< e h) (* (* c d) (+ f g)) (+ (* a b) (+ e h)))
results/temperature/T_1.0/car-f-92-20260831T180221Z-seed1001,g7-i14,7,mutation,g6-i15,9,5.141,51.407,18,4,(if (< e h) (+ (* f g) (* c d)) (* (+ f g) (+ c d))),(if (< e h) (+ (* c d) (* f g)) (* (+ c d) (+ f g)))
results/temperature/T_1.0/car-f-92-20260831T180221Z-seed1001,g7-i15,7,mutation,g6-e0,11,4.619,55.430,14,4,(if (> e h) (+ (* f g) (* a b)) (* c d)),(if (< h e) (+ (* a b) (* f g)) (* c d))
results/temperature/T_1.0/car-f-92-20260831T180221Z-seed1001,g7-i16,7,crossover,g6-i13|g6-i5,8,4.676,42.080,18,4,(if (< (+ e f) h) (* (+ d g) c) (+ (* a b) (* e h))),(if (< (+ e f) h) (* (+ d g) c) (+ (* a b) (* e h)))
results/temperature/T_1.0/car-f-92-20260831T180221Z-seed1001,g7-i17,7,crossover,g6-i13|g6-i5,2,4.667,14.001,20,4,(if (> (+ e a) h) (+ (* f g) (* c d)) (* (+ a b) (+ e f))),(if (< h (+ a e)) (+ (* c d) (* f g)) (* (+ a b) (+ e f)))
results/temperature/T_1.0/car-f-92-20260831T180221Z-seed1001,g7-i18,7,crossover,g6-i15|g6-e0,10,4.828,53.110,18,4,(if (< e h) (+ (* f g) (* c d)) (* (+ f g) (+ a b))),(if (< e h) (+ (* c d) (* f g)) (* (+ a b) (+ f g)))
results/temperature/T_1.0/car-f-92-20260831T180221Z-seed1001,g7-i19,7,crossover,g6-i15|g6-e0,62,1.673,105.399,18,4,(if (> e h) (+ (* a b) (* c d)) (* (+ f g) (+ e h))),(if (< h e) (+ (* a b) (* c d)) (* (+ e h) (+ f g)))
results/temperature/T_1.0/car-f-92-20260831T180221Z-seed1001,g8-e0,8,elitism,g7-e0,1,4.949,9.898,14,4,(if (< e h) (* f g) (+ (* a b) (* c d))),(if (< e h) (* f g) (+ (* a b) (* c d)))
results/temperature/T_1.0/car-f-92-20260831T180221Z-seed1001,g8-i1,8,crossover,g7-i7|g7-i12,27,4.476,125.320,20,4,(if (< (+ e a) h) (+ (* f g) (* c d)) (+ (* a b) (* e h))),(if (< (+ a e) h) (+ (* c d) (* f g)) (+ (* a b) (* e h)))
results/temperature/T_1.0/car-f-92-20260831T180221Z-seed1001,g8-i2,8,crossover,g7-i7|g7-i12,4,5.067,25.333,20,4,(if (> (+ e a) h) (+ (* f g) (+ c d)) (+ (* a b) (* e h))),(if (< h (+ a e)) (+ (* f g) (+ c d)) (+ (* a b) (* e h)))
results/temperature/T_1.0/car-f-92-20260831T180221Z-seed1001,g8-i3,8,mutation,g7-i8,7,4.533,36.265,14,4,(if (< e h) (+ (* f g) (* a b)) (* c d)),(if (< e h) (+ (* a b) (* f g)) (* c d))
results/temperature/T_1.0/car-f-92-20260831T180221Z-seed1001,g8-i4,8,crossover,g7-i10|g7-i4,27,4.683,131.128,16,4,(if (< (+ e a) h) (* f g) (+ (* a b) (* c d))),(if (< (+ a e) h) (* f g) (+ (* a b) (* c d)))
results/temperature/T_1.0/car-f-92-20260831T180221Z-seed1001,g8-i5,8,crossover,g7-i10|g7-i4,5,4.897,29.380,18,4,(if (> e h) (+ (* f g) (* c d)) (* (+ a b) (+ e h))),(if (< h e) (+ (* c d) (* f g)) (* (+ a b) (+ e h)))
results/temperature/T_1.0/car-f-92-20260831T180221Z-seed1001,g8-i6,8,crossover,g7-e0|g7-i12,3,4.897,19.590,18,4,(if (< e h) (+ (* f g) (* c d)) (+ (* a b) (* e h))),(if (< e h) (+ (* c d) (* f g)) (+ (* a b) (* e h)))
results/temperature/T_1.0/car-f-92-20260831T180221Z-seed1001,g8-i7,8,crossover,g7-e0|g7-i12,10,4.820,53.020,18,4,(if (< e h) (* (+ f c) (+ g d)) (+ (* a b) (* e h))),(if (< e h) (* (+ c f) (+ d g)) (+ (* a b) (* e h)))
results/temperature/T_1.0/car-f-92-20260831T180221Z-seed1001,g8-i8,8,mutation,g7-i4,13,4.726,66.171,18,4,(if (> e h) (+ (* f g) (* c d)) (* (+ a b) (+ e h))),(if (< h e) (+ (* c d) (* f g)) (* (+ a b) (+ e h)))
results/temperature/T_1.0/car-f-92-20260831T180221Z-seed1001,g8-i9,8,crossover,g7-i5|g7-i16,30,4.541,140.783,20,4,(if (< (+ e a) h) (+ (* f g) (* c d)) (+ (* b f) (* e h))),(if (< (+ a e) h) (+ (* c d) (* f g)) (+ (* b f) (* e h)))
results/temperature/T_1.0/car-f-92-20260831T180221Z-seed1001,g8-i10,8,crossover,g7-i5|g7-i16,9,4.896,48.960,18,4,(if (> (+ a b) h) (* (+ e f) g) (+ (* c d) (* a h))),(if (< h (+ a b)) (* (+ e f) g) (+ (* a h) (* c d)))
results/temperature/T_1.0/car-f-92-20260831T180221Z-seed1001,g8-i11,8,crossover,g7-e0|g7-i7,6,4.862,34.037,18,4,(if (< e h) (+ (* f g) (* c d)) (+ (* a b) (* e h))),(if (< e h) (+ (* c d) (* f g)) (+ (* a b) (* e h)))
results/temperature/T_1.0/car-f-92-20260831T180221Z-seed1001,g8-i12,8,crossover,g7-e0|g7-i7,4,4.790,23.952,16,4,(if (> (+ e a) h) (* f g) (+ (* a b) (* c d))),(if (< h (+ a e)) (* f g) (+ (* a b) (* c d)))
results/temperature/T_1.0/car-f-92-20260831T180221Z-seed1001,g8-i13,8,crossover,g7-i5|g7-i12,9,4.736,47.359,18,4,(if (> e h) (+ (* f g) (* c d)) (+ (* a b) (* e h))),(if (< h e) (+ (* c d) (* f g)) (+ (* a b) (* e h)))
results/temperature/T_1.0/car-f-92-20260831T180221Z-seed1001,g8-i14,8,crossover,g7-i5|g7-i12,26,4.619,124.707,16,4,(if (< (+ a b) c) (* f g) (+ (* e h) (* d c))),(if (< (+ a b) c) (* f g) (+ (* c d) (* e h)))
results/temperature/T_1.0/car-f-92-20260831T180221Z-seed1001,g8-i15,8,mutation,g7-e0,10,4.716,51.871,14,4,(if (> e h) (+ (* f g) (* a b)) (* c d)),(if (< h e) (+ (* a b) (* f g)) (* c d))
results/temperature/T_1.0/car-f-92-20260831T180221Z-seed1001,g8-i16,8,crossover,g7-i17|g7-i17,20,4.877,102.422,20,4,(if (< (+ e a) h) (+ (* f g) (* c d)) (* (+ a b) (+ e f))),(if (< (+ a e) h) (+ (* c d) (* f g)) (* (+ a b) (+ e f)))
results/temperature/T_1.0/car-f-92-20260831T180221Z-seed1001,g8-i17,8,crossover,g7-i17|g7-i17,28,4.866,141.103,20,4,(if (> (+ e a) h) (* (+ a b) (+ e f)) (+ (* f g) (* c d))),(if (< h (+ a e)) (* (+ a b) (+ e f)) (+ (* c d) (* f g)))
results/temperature/T_1.0/car-f-92-20260831T180221Z-seed1001,g8-i18,8,mutation,g7-i17,32,4.363,143.988,20,4,(if (< (+ e a) h) (+ (* f g) (* c d)) (* (+ a b) (+ e f))),(if (< (+ a e) h) (+ (* c d) (* f g)) (* (+ a b) (+ e f)))
results/temperature/T_1.0/car-f-92-20260831T180221Z-seed1001,g8-i19,8,crossover,g7-i9|g7-i17,10,4.529,49.817,18,4,(if (< e h) (* (+ f g) (+ c d)) (* (+ a b) (+ e f))),(if (< e h) (* (+ c d) (+ f g)) (* (+ a b) (+ e f)))
results/temperature/T_1.0/car-f-92-20260831T180221Z-seed1001,g9-e0,9,elitism,g8-e0,1,4.949,9.898,14,4,(if (< e h) (* f g) (+ (* a b) (* c d))),(if (< e h) (* f g) (+ (* a b) (* c d)))
results/temperature/T_1.0/car-f-92-20260831T180221Z-seed1001,g9-i1,9,mutation,g8-i12,29,4.922,147.659,16,4,(if (< (+ e a) h) (* f g) (+ (* a b) (* c d))),(if (< (+ a e) h) (* f g) (+ (* a b) (* c d)))
results/temperature/T_1.0/car-f-92-20260831T180221Z-seed1001,g9-i2,9,crossover,g8-i12|g8-i11,7,4.625,37.002,14,4,(if (> e h) (+ (* f g) (* c d)) (* a b)),(if (< h e) (+ (* c d) (* f g)) (* a b))
results/temperature/T_1.0/car-f-92-20260831T180221Z-seed1001,g9-i3,9,crossover,g8-i12|g8-i11,49,2.396,119.819,16,4,(if (< (+ a b) h) (* c d) (+ (* e f) (* g h))),(if (< (+ a b) h) (* c d) (+ (* e f) (* g h)))
results/temperature/T_1.0/car-f-92-20260831T180221Z-seed1001,g9-i4,9,mutation,g8-e0,9,4.494,44.941,18,4,(if (> e h) (+ (* f g) (* a b)) (- (* c d) (* e f))),(if (< h e) (+ (* a b) (* f g)) (- (* c d) (* e f)))
results/temperature/T_1.0/car-f-92-20260831T180221Z-seed1001,g9-i5,9,crossover,g8-i10|g8-i6,1,4.697,9.394,20,4,(if (< (+ a b) h) (+ (* e f) (* c d)) (* (+ a b) (+ e f))),(if (< (+ a b) h) (+ (* c d) (* e f)) (* (+ a b) (+ e f)))
results/temperature/T_1.0/car-f-92-20260831T180221Z-seed1001,g9-i6,9,crossover,g8-i19|g8-e0,10,4.798,52.778,18,4,(if (< e h) (* (+ f g) (+ c d)) (+ (* a b) (* c d))),(if (< e h) (* (+ c d) (+ f g)) (+ (* a b) (* c d)))
results/temperature/T_1.0/car-f-92-20260831T180221Z-seed1001,g9-i7,9,crossover,g8-i19|g8-e0,3,4.621,18.484,18,4,(if (< e h) (+ (* f g) (* a b)) (* (+ a b) (+ e f))),(if (< e h) (+ (* a b) (* f g)) (* (+ a b) (+ e f)))
results/temperature/T_1.0/car-f-92-20260831T180221Z-seed1001,g9-i8,9,mutation,g8-i13,11,4.670,56.041,18,4,(if (< e h) (+ (* f g) (* c d)) (+ (* a b) (* e h))),(if (< e h) (+ (* c d) (* f g)) (+ (* a b) (* e h)))
results/temperature/T_1.0/car-f-92-20260831T180221Z-seed1001,g9-i9,9,crossover,g8-e0|g8-i2,8,4.702,42.316,18,4,(if (< e h) (+ (* f g) (* c d)) (+ (* a b) (* e h))),(if (< e h) (+ (* c d) (* f g)) (+ (* a b) (* e h)))
results/temperature/T_1.0/car-f-92-20260831T180221Z-seed1001,g9-i10,9,crossover,g8-e0|g8-i2,12,4.476,58.190,20,4,(if (> (+ e a) h) (* (+ f g) (+ c d)) (* (+ a b) (+ e h))),(if (< h (+ a e)) (* (+ c d) (+ f g)) (* (+ a b) (+ e h)))
results/temperature/T_1.0/car-f-92-20260831T180221Z-seed1001,g9-i11,9,crossover,g8-e0|g8-i11,5,4.752,28.512,18,4,(if (< e h) (+ (* f g) (* a b)) (+ (* c d) (* e h))),(if (< e h) (+ (* a b) (* f g)) (+ (* c d) (* e h)))
results/temperature/T_1.0/car-f-92-20260831T180221Z-seed1001,g9-i12,9,crossover,g8-e0|g8-i11,11,4.426,53.107,18,4,(if (> e h) (* (+ f c) (+ a b)) (+ (* d g) (* e h))),(if (< h e) (* (+ a b) (+ c f)) (+ (* d g) (* e h)))
results/temperature/T_1.0/car-f-92-20260831T180221Z-seed1001,g9-i13,9,mutation,g8-i13,40,4.641,190.280,18,4,(if (> f h) (+ (* c d) (* a b)) (+ (* e g) (* h d))),(if (< h f) (+ (* a b) (* c d)) (+ (* d h) (* e g)))
results/temperature/T_1.0/car-f-92-20260831T180221Z-seed1001,g9-i14,9,crossover,g8-i6|g8-i16,4,4.767,23.836,18,4,(if (< e h) (+ (* f g) (* c d)) (* (+ a b) (+ e f))),(if (< e h) (+ (* c d) (* f g)) (* (+ a b) (+ e f)))
results/temperature/T_1.0/car-f-92-20260831T180221Z-seed1001,g9-i15,9,crossover,g8-i6|g8-i16,29,4.552,136.550,20,4,(if (< (+ e a) h) (+ (* f g) (* c d)) (+ (* a b) (* e h))),(if (< (+ a e) h) (+ (* c d) (* f g)) (+ (* a b) (* e h)))
results/temperature/T_1.0/car-f-92-20260831T180221Z-seed1001,g9-i16,9,crossover,g8-i11|g8-i12,2,5.151,15.453,14,4,(if (< e h) (* f g) (+ (* a b) (* c d))),(if (< e h) (* f g) (+ (* a b) (* c d)))
results/temperature/T_1.0/car-f-92-20260831T180221Z-seed1001,g9-i17,9,crossover,g8-i11|g8-i12,8,5.030,45.272,20,4,(if (> (+ e a) h) (+ (* f g) (* c d)) (+ (* a b) (* e h))),(if (< h (+ a e)) (+ (* c d) (* f g)) (+ (* a b) (* e h)))
results/temperature/T_1.0/car-f-92-20260831T180221Z-seed1001,g9-i18,9,crossover,g8-i3|g8-i6,1,5.050,10.100,14,4,(if (< e h) (+ (* f g) (* c d)) (* a b)),(if (< e h) (+ (* c d) (* f g)) (* a b))
results/temperature/T_1.0/car-f-92-20260831T180221Z-seed1001,g9-i19,9,crossover,g8-i3|g8-i6,12,4.343,56.455,14,4,(if (> e h) (+ (* f g) (* a b)) (* c d)),(if (< h e) (+ (* a b) (* f g)) (* c d))
